uid,target,NDCG@20,Recall@20,HitRate@20
5,538,0.0,0.0,0.0
6,2562,0.0,0.0,0.0
9,1809,0.0,0.0,0.0
18,988,0.0,0.0,0.0
20,2296,0.0,0.0,0.0
24,3126,0.0,0.0,0.0
25,2188,0.0,0.0,0.0
32,2245,0.0,0.0,0.0
34,923,0.0,0.0,0.0
36,877,0.0,0.0,0.0
41,1914,0.0,0.0,0.0
46,1539,0.0,0.0,0.0
52,525,0.0,0.0,0.0
60,3216,0.0,0.0,0.0
61,2415,0.0,0.0,0.0
62,493,0.0,0.0,0.0
63,2471,0.0,0.0,0.0
64,769,0.0,0.0,0.0
65,1551,0.0,0.0,0.0
71,2795,0.0,0.0,0.0
75,3122,0.0,0.0,0.0
79,532,0.0,0.0,0.0
81,2999,0.0,0.0,0.0
82,3194,0.0,0.0,0.0
83,1132,0.0,0.0,0.0
88,3074,0.0,0.0,0.0
89,1161,0.0,0.0,0.0
92,3219,0.0,0.0,0.0
93,3159,0.0,0.0,0.0
95,864,0.0,0.0,0.0
96,2731,0.0,0.0,0.0
97,284,0.0,0.0,0.0
103,2116,0.0,0.0,0.0
107,3235,0.0,0.0,0.0
113,2550,0.0,0.0,0.0
120,3083,0.0,0.0,0.0
121,993,0.38685280723454163,1.0,1.0
123,2704,0.0,0.0,0.0
127,2165,0.0,0.0,0.0
135,390,0.0,0.0,0.0
136,1129,0.0,0.0,0.0
138,3097,0.0,0.0,0.0
139,953,0.0,0.0,0.0
143,1303,0.0,0.0,0.0
145,1001,0.0,0.0,0.0
148,1806,0.0,0.0,0.0
150,2967,0.0,0.0,0.0
151,1212,0.0,0.0,0.0
154,3076,0.0,0.0,0.0
155,952,0.23540891336663824,1.0,1.0
156,1775,0.0,0.0,0.0
159,3126,0.0,0.0,0.0
161,503,0.0,0.0,0.0
167,3087,0.0,0.0,0.0
169,959,0.0,0.0,0.0
170,1297,0.0,0.0,0.0
173,2983,0.0,0.0,0.0
175,2772,0.0,0.0,0.0
178,592,0.0,0.0,0.0
179,2883,0.0,0.0,0.0
182,1662,0.0,0.0,0.0
191,3256,0.0,0.0,0.0
192,1785,0.0,0.0,0.0
198,2113,0.0,0.0,0.0
199,2788,0.0,0.0,0.0
200,3212,0.0,0.0,0.0
203,237,0.0,0.0,0.0
204,1297,0.0,0.0,0.0
207,1763,0.0,0.0,0.0
209,358,0.0,0.0,0.0
219,2391,0.0,0.0,0.0
220,2538,0.0,0.0,0.0
224,1843,0.3562071871080222,1.0,1.0
227,3259,0.0,0.0,0.0
228,2326,0.0,0.0,0.0
229,2937,0.0,0.0,0.0
230,1571,0.0,0.0,0.0
237,2797,0.0,0.0,0.0
238,52,0.0,0.0,0.0
239,2795,0.0,0.0,0.0
246,2635,0.0,0.0,0.0
248,2101,0.0,0.0,0.0
249,2828,0.0,0.0,0.0
250,3224,0.0,0.0,0.0
251,2223,0.0,0.0,0.0
252,1520,0.0,0.0,0.0
256,1224,0.0,0.0,0.0
257,2635,0.0,0.0,0.0
261,3203,0.0,0.0,0.0
263,624,0.0,0.0,0.0
265,2466,0.227670248696953,1.0,1.0
271,504,0.0,0.0,0.0
273,2148,0.0,0.0,0.0
276,2617,0.0,0.0,0.0
278,1947,0.0,0.0,0.0
279,2801,0.0,0.0,0.0
280,3121,0.0,0.0,0.0
289,2179,0.0,0.0,0.0
293,1370,0.0,0.0,0.0
296,3121,0.0,0.0,0.0
299,1423,0.0,0.0,0.0
302,1173,0.0,0.0,0.0
305,886,0.0,0.0,0.0
306,2868,0.0,0.0,0.0
308,2798,0.0,0.0,0.0
314,248,0.0,0.0,0.0
318,2981,0.0,0.0,0.0
322,1315,0.0,0.0,0.0
327,579,0.0,0.0,0.0
331,140,0.0,0.0,0.0
333,2618,0.0,0.0,0.0
340,2195,0.0,0.0,0.0
341,3033,0.0,0.0,0.0
345,2670,0.0,0.0,0.0
346,1045,0.0,0.0,0.0
349,1290,0.0,0.0,0.0
353,3121,0.0,0.0,0.0
354,1173,0.0,0.0,0.0
356,859,0.0,0.0,0.0
357,1653,0.0,0.0,0.0
358,2188,0.0,0.0,0.0
361,3150,0.0,0.0,0.0
363,1806,0.0,0.0,0.0
368,2681,0.0,0.0,0.0
370,869,0.0,0.0,0.0
372,1297,0.0,0.0,0.0
373,1425,0.0,0.0,0.0
374,2553,0.0,0.0,0.0
376,1019,0.0,0.0,0.0
379,1035,0.0,0.0,0.0
385,993,0.23981246656813146,1.0,1.0
390,968,0.0,0.0,0.0
392,3146,0.0,0.0,0.0
396,2499,0.0,0.0,0.0
402,837,0.0,0.0,0.0
404,1362,0.0,0.0,0.0
406,1212,0.0,0.0,0.0
409,2963,0.0,0.0,0.0
411,2612,0.0,0.0,0.0
417,2094,0.43067655807339306,1.0,1.0
419,1035,0.0,0.0,0.0
420,3087,0.0,0.0,0.0
421,2439,0.0,0.0,0.0
423,2102,0.0,0.0,0.0
427,1596,0.0,0.0,0.0
435,1641,0.0,0.0,0.0
436,3158,0.0,0.0,0.0
441,3255,0.0,0.0,0.0
445,2601,0.0,0.0,0.0
446,3083,0.0,0.0,0.0
451,144,0.0,0.0,0.0
455,617,0.27894294565112987,1.0,1.0
457,3241,0.0,0.0,0.0
460,2313,0.0,0.0,0.0
463,110,0.0,0.0,0.0
465,2552,0.0,0.0,0.0
466,2431,0.0,0.0,0.0
469,1678,0.0,0.0,0.0
470,147,0.0,0.0,0.0
473,2287,0.0,0.0,0.0
477,883,0.0,0.0,0.0
482,1018,0.0,0.0,0.0
486,309,0.0,0.0,0.0
492,2538,0.0,0.0,0.0
494,740,0.0,0.0,0.0
495,1785,0.0,0.0,0.0
497,739,0.0,0.0,0.0
504,1313,0.0,0.0,0.0
506,1895,0.0,0.0,0.0
513,1555,0.0,0.0,0.0
518,678,0.0,0.0,0.0
521,1936,0.0,0.0,0.0
522,3074,0.0,0.0,0.0
527,3119,0.0,0.0,0.0
528,2801,0.0,0.0,0.0
530,1155,0.0,0.0,0.0
536,1881,0.0,0.0,0.0
540,532,0.0,0.0,0.0
542,315,0.0,0.0,0.0
543,2612,0.0,0.0,0.0
549,346,0.0,0.0,0.0
550,2603,0.0,0.0,0.0
551,1083,0.0,0.0,0.0
555,2495,0.0,0.0,0.0
563,2520,0.0,0.0,0.0
565,1607,0.0,0.0,0.0
571,2965,0.0,0.0,0.0
572,2795,0.0,0.0,0.0
574,533,0.0,0.0,0.0
577,2569,0.0,0.0,0.0
578,2373,0.0,0.0,0.0
579,2993,0.0,0.0,0.0
583,3259,0.0,0.0,0.0
589,1933,0.0,0.0,0.0
592,2971,0.0,0.0,0.0
597,1290,0.0,0.0,0.0
600,1692,0.0,0.0,0.0
601,3195,0.0,0.0,0.0
607,3039,0.0,0.0,0.0
608,1012,0.0,0.0,0.0
609,2608,0.0,0.0,0.0
610,3150,0.0,0.0,0.0
612,1938,0.0,0.0,0.0
613,1647,0.0,0.0,0.0
619,610,0.0,0.0,0.0
621,1841,0.0,0.0,0.0
623,3165,0.0,0.0,0.0
624,878,0.0,0.0,0.0
627,3083,0.0,0.0,0.0
632,1865,0.0,0.0,0.0
635,2602,0.0,0.0,0.0
637,3183,0.0,0.0,0.0
638,679,0.0,0.0,0.0
642,3121,0.0,0.0,0.0
645,3137,0.0,0.0,0.0
648,330,0.0,0.0,0.0
649,2947,0.0,0.0,0.0
652,1939,0.43067655807339306,1.0,1.0
657,1087,0.0,0.0,0.0
658,1387,0.0,0.0,0.0
659,2882,0.0,0.0,0.0
660,2499,0.0,0.0,0.0
664,1231,0.0,0.0,0.0
671,1830,0.0,0.0,0.0
674,2936,0.2890648263178879,1.0,1.0
677,2186,0.0,0.0,0.0
678,3037,0.0,0.0,0.0
679,2180,0.0,0.0,0.0
683,309,0.0,0.0,0.0
685,2965,0.0,0.0,0.0
686,2641,0.0,0.0,0.0
687,3058,0.0,0.0,0.0
690,1755,0.0,0.0,0.0
695,715,0.0,0.0,0.0
696,2073,0.0,0.0,0.0
702,1743,0.0,0.0,0.0
703,2456,0.0,0.0,0.0
704,1224,0.0,0.0,0.0
705,1493,0.0,0.0,0.0
708,2861,0.0,0.0,0.0
709,3221,0.0,0.0,0.0
712,1403,0.0,0.0,0.0
717,837,0.0,0.0,0.0
718,321,0.27023815442731974,1.0,1.0
722,1261,0.6309297535714575,1.0,1.0
723,1417,0.0,0.0,0.0
725,2023,0.0,0.0,0.0
736,3183,0.0,0.0,0.0
737,1401,0.0,0.0,0.0
738,2094,0.27894294565112987,1.0,1.0
739,2745,0.0,0.0,0.0
744,3259,0.0,0.0,0.0
751,980,0.43067655807339306,1.0,1.0
755,2466,0.23981246656813146,1.0,1.0
757,2673,0.0,0.0,0.0
759,1970,0.0,0.0,0.0
761,1949,0.0,0.0,0.0
762,1875,0.0,0.0,0.0
763,2347,0.0,0.0,0.0
764,665,0.0,0.0,0.0
769,2749,0.0,0.0,0.0
770,821,0.0,0.0,0.0
772,2395,0.3010299956639812,1.0,1.0
774,2880,0.0,0.0,0.0
780,2095,0.0,0.0,0.0
781,2745,0.0,0.0,0.0
788,2397,0.0,0.0,0.0
796,749,0.0,0.0,0.0
799,1051,0.0,0.0,0.0
800,1691,0.0,0.0,0.0
804,2315,0.0,0.0,0.0
805,3244,0.0,0.0,0.0
809,931,0.0,0.0,0.0
810,2094,0.26264953503719357,1.0,1.0
812,321,0.43067655807339306,1.0,1.0
814,2456,0.0,0.0,0.0
822,1420,0.0,0.0,0.0
826,1088,0.0,0.0,0.0
828,2202,0.0,0.0,0.0
829,2868,0.0,0.0,0.0
830,2665,0.0,0.0,0.0
832,2343,1.0,1.0,1.0
837,2105,0.0,0.0,0.0
838,2357,0.0,0.0,0.0
842,998,0.0,0.0,0.0
845,976,0.38685280723454163,1.0,1.0
846,1132,0.0,0.0,0.0
847,3198,0.0,0.0,0.0
850,1514,0.0,0.0,0.0
853,510,0.0,0.0,0.0
856,1608,0.0,0.0,0.0
858,783,0.0,0.0,0.0
861,3182,0.0,0.0,0.0
862,3037,0.0,0.0,0.0
864,2752,0.0,0.0,0.0
865,232,0.38685280723454163,1.0,1.0
870,2456,0.0,0.0,0.0
888,3048,0.0,0.0,0.0
889,2682,0.0,0.0,0.0
891,965,1.0,1.0,1.0
895,3125,0.0,0.0,0.0
898,2723,0.0,0.0,0.0
899,2618,0.0,0.0,0.0
900,1297,0.0,0.0,0.0
903,2522,0.0,0.0,0.0
908,3087,0.0,0.0,0.0
909,1645,0.0,0.0,0.0
911,3083,0.0,0.0,0.0
913,1934,0.0,0.0,0.0
918,3236,0.0,0.0,0.0
919,1411,0.0,0.0,0.0
920,2598,0.0,0.0,0.0
923,730,0.0,0.0,0.0
929,3087,0.0,0.0,0.0
930,1806,0.0,0.0,0.0
931,34,0.0,0.0,0.0
933,384,0.0,0.0,0.0
937,2924,0.0,0.0,0.0
938,3038,0.0,0.0,0.0
939,2261,0.0,0.0,0.0
941,2884,0.0,0.0,0.0
942,2212,0.0,0.0,0.0
944,78,0.0,0.0,0.0
949,3129,0.0,0.0,0.0
950,2456,0.0,0.0,0.0
952,2361,0.0,0.0,0.0
953,2892,0.0,0.0,0.0
958,42,0.0,0.0,0.0
959,1898,0.0,0.0,0.0
963,329,0.0,0.0,0.0
967,1313,0.0,0.0,0.0
969,1883,0.0,0.0,0.0
971,478,0.0,0.0,0.0
975,2203,0.0,0.0,0.0
976,1794,0.0,0.0,0.0
977,1882,0.0,0.0,0.0
982,1951,0.0,0.0,0.0
983,3151,0.0,0.0,0.0
984,3255,0.0,0.0,0.0
991,126,0.0,0.0,0.0
992,189,0.0,0.0,0.0
994,208,0.0,0.0,0.0
997,1869,0.0,0.0,0.0
1000,2188,0.0,0.0,0.0
1004,237,0.0,0.0,0.0
1006,2343,1.0,1.0,1.0
1007,3181,0.0,0.0,0.0
1012,332,0.0,0.0,0.0
1013,1005,0.0,0.0,0.0
1021,270,0.0,0.0,0.0
1027,2848,0.0,0.0,0.0
1028,2868,0.0,0.0,0.0
1036,2923,0.0,0.0,0.0
1041,2816,0.0,0.0,0.0
1043,1898,0.0,0.0,0.0
1044,2514,0.0,0.0,0.0
1047,2853,0.0,0.0,0.0
1053,2629,0.0,0.0,0.0
1054,138,0.0,0.0,0.0
1055,345,0.0,0.0,0.0
1056,3113,0.0,0.0,0.0
1059,3184,0.0,0.0,0.0
1063,3121,0.0,0.0,0.0
1065,1821,0.0,0.0,0.0
1069,3213,0.0,0.0,0.0
1070,1235,0.0,0.0,0.0
1073,2061,0.0,0.0,0.0
1074,2755,0.0,0.0,0.0
1077,334,0.0,0.0,0.0
1079,1351,0.0,0.0,0.0
1088,1425,0.0,0.0,0.0
1091,1678,0.0,0.0,0.0
1093,1324,0.0,0.0,0.0
1094,1060,0.0,0.0,0.0
1101,32,0.0,0.0,0.0
1102,1011,0.0,0.0,0.0
1106,3153,0.0,0.0,0.0
1111,219,0.0,0.0,0.0
1112,2080,0.0,0.0,0.0
1115,3021,0.0,0.0,0.0
1116,1040,0.0,0.0,0.0
1118,1935,0.0,0.0,0.0
1119,2203,0.0,0.0,0.0
1125,1019,0.0,0.0,0.0
1126,3035,0.0,0.0,0.0
1128,953,0.26264953503719357,1.0,1.0
1132,1878,0.0,0.0,0.0
1133,1601,0.0,0.0,0.0
1136,3253,0.0,0.0,0.0
1137,1278,0.0,0.0,0.0
1140,749,0.0,0.0,0.0
1144,2472,0.0,0.0,0.0
1145,2445,0.0,0.0,0.0
1146,2909,0.0,0.0,0.0
1147,913,0.0,0.0,0.0
1148,891,0.0,0.0,0.0
1150,3037,0.0,0.0,0.0
1151,531,0.43067655807339306,1.0,1.0
1157,284,0.0,0.0,0.0
1158,1481,0.0,0.0,0.0
1159,3121,0.0,0.0,0.0
1164,2065,0.0,0.0,0.0
1165,1239,0.0,0.0,0.0
1173,3259,0.0,0.0,0.0
1176,1473,0.0,0.0,0.0
1177,3190,0.0,0.0,0.0
1180,476,0.0,0.0,0.0
1182,2165,0.0,0.0,0.0
1183,1935,0.0,0.0,0.0
1185,2152,0.0,0.0,0.0
1189,1596,0.0,0.0,0.0
1190,2847,0.0,0.0,0.0
1193,1727,0.0,0.0,0.0
1194,660,0.0,0.0,0.0
1195,1413,0.0,0.0,0.0
1196,969,0.25,1.0,1.0
1198,958,0.0,0.0,0.0
1199,3121,0.0,0.0,0.0
1207,2745,0.0,0.0,0.0
1208,1573,0.0,0.0,0.0
1210,886,0.5,1.0,1.0
1212,974,0.0,0.0,0.0
1215,3092,0.0,0.0,0.0
1217,1885,0.0,0.0,0.0
1226,3175,0.0,0.0,0.0
1228,2212,0.0,0.0,0.0
1229,1132,0.0,0.0,0.0
1232,1023,1.0,1.0,1.0
1233,1843,0.0,0.0,0.0
1236,2767,0.0,0.0,0.0
1239,3126,0.0,0.0,0.0
1240,2876,0.0,0.0,0.0
1244,2893,0.0,0.0,0.0
1246,3151,0.0,0.0,0.0
1248,3034,0.0,0.0,0.0
1249,3218,0.0,0.0,0.0
1256,1041,0.0,0.0,0.0
1260,441,0.0,0.0,0.0
1261,3149,0.0,0.0,0.0
1262,3083,0.0,0.0,0.0
1264,989,0.0,0.0,0.0
1269,3087,0.0,0.0,0.0
1271,601,0.0,0.0,0.0
1272,2824,0.0,0.0,0.0
1274,2420,0.0,0.0,0.0
1275,1756,0.0,0.0,0.0
1276,284,0.0,0.0,0.0
1280,3209,0.0,0.0,0.0
1286,2990,0.0,0.0,0.0
1287,2912,0.0,0.0,0.0
1291,3121,0.0,0.0,0.0
1292,1933,0.0,0.0,0.0
1293,2859,0.0,0.0,0.0
1298,1613,0.0,0.0,0.0
1300,2212,0.0,0.0,0.0
1302,715,0.0,0.0,0.0
1306,1618,0.43067655807339306,1.0,1.0
1307,3151,0.0,0.0,0.0
1309,2566,0.0,0.0,0.0
1310,1086,0.0,0.0,0.0
1315,2949,0.0,0.0,0.0
1319,2300,0.0,0.0,0.0
1327,619,0.0,0.0,0.0
1328,2070,0.0,0.0,0.0
1331,2853,0.0,0.0,0.0
1332,1110,0.0,0.0,0.0
1333,868,0.0,0.0,0.0
1334,3256,0.0,0.0,0.0
1339,2309,0.0,0.0,0.0
1341,2795,0.0,0.0,0.0
1344,2839,0.0,0.0,0.0
1347,2596,0.0,0.0,0.0
1349,534,0.2890648263178879,1.0,1.0
1358,2964,0.0,0.0,0.0
1360,376,0.0,0.0,0.0
1363,2873,0.0,0.0,0.0
1367,1297,0.0,0.0,0.0
1370,2266,0.0,0.0,0.0
1372,3037,0.0,0.0,0.0
1374,930,0.0,0.0,0.0
1386,644,0.0,0.0,0.0
1390,2530,0.0,0.0,0.0
1395,2848,0.0,0.0,0.0
1399,2795,0.0,0.0,0.0
1404,868,0.0,0.0,0.0
1410,3121,0.0,0.0,0.0
1412,1045,0.0,0.0,0.0
1413,960,0.0,0.0,0.0
1414,2661,0.0,0.0,0.0
1415,2431,0.0,0.0,0.0
1424,1574,0.0,0.0,0.0
1425,2037,0.0,0.0,0.0
1426,1595,0.0,0.0,0.0
1429,3209,0.0,0.0,0.0
1431,969,0.0,0.0,0.0
1437,2789,0.0,0.0,0.0
1440,1974,0.0,0.0,0.0
1441,2854,0.0,0.0,0.0
1442,2756,0.0,0.0,0.0
1443,3150,0.0,0.0,0.0
1445,989,0.0,0.0,0.0
1456,3251,0.0,0.0,0.0
1458,1484,0.0,0.0,0.0
1462,2626,0.0,0.0,0.0
1463,361,0.0,0.0,0.0
1466,3121,0.0,0.0,0.0
1478,2550,0.0,0.0,0.0
1479,3253,0.0,0.0,0.0
1480,1261,0.38685280723454163,1.0,1.0
1481,2007,0.0,0.0,0.0
1482,2966,0.0,0.0,0.0
1484,2397,0.0,0.0,0.0
1485,2618,0.0,0.0,0.0
1488,3196,0.0,0.0,0.0
1492,2671,0.0,0.0,0.0
1497,1680,0.0,0.0,0.0
1499,3119,0.0,0.0,0.0
1502,1398,0.0,0.0,0.0
1506,2190,0.0,0.0,0.0
1510,1651,0.0,0.0,0.0
1511,2615,0.0,0.0,0.0
1514,3238,0.0,0.0,0.0
1517,3038,0.0,0.0,0.0
1518,202,0.0,0.0,0.0
1520,1412,0.0,0.0,0.0
1526,3219,0.0,0.0,0.0
1529,2975,0.0,0.0,0.0
1534,2637,0.0,0.0,0.0
1535,1543,0.0,0.0,0.0
1536,3255,0.0,0.0,0.0
1540,1015,0.0,0.0,0.0
1542,2380,0.0,0.0,0.0
1543,2456,0.0,0.0,0.0
1544,2287,0.23137821315975915,1.0,1.0
1545,3219,0.0,0.0,0.0
1550,2872,0.0,0.0,0.0
1551,1922,0.0,0.0,0.0
1567,2259,0.0,0.0,0.0
1573,1846,0.0,0.0,0.0
1574,2936,0.3333333333333333,1.0,1.0
1575,2179,0.0,0.0,0.0
1578,3042,0.0,0.0,0.0
1583,3092,0.0,0.0,0.0
1589,1343,0.0,0.0,0.0
1594,2394,0.0,0.0,0.0
1596,557,0.0,0.0,0.0
1597,2318,0.0,0.0,0.0
1598,2343,1.0,1.0,1.0
1599,2957,0.0,0.0,0.0
1602,136,0.0,0.0,0.0
1603,1970,0.0,0.0,0.0
1610,288,0.0,0.0,0.0
1611,434,0.3333333333333333,1.0,1.0
1614,3259,0.0,0.0,0.0
1615,1508,0.0,0.0,0.0
1616,1290,0.0,0.0,0.0
1620,2828,0.0,0.0,0.0
1621,1938,0.0,0.0,0.0
1622,2893,0.0,0.0,0.0
1624,3041,0.0,0.0,0.0
1629,2033,0.0,0.0,0.0
1630,1743,0.0,0.0,0.0
1631,732,0.0,0.0,0.0
1632,2936,0.0,0.0,0.0
1635,2555,0.0,0.0,0.0
1638,952,1.0,1.0,1.0
1640,1996,0.0,0.0,0.0
1641,3008,0.0,0.0,0.0
1643,1618,0.5,1.0,1.0
1644,3194,0.0,0.0,0.0
1646,1318,0.0,0.0,0.0
1653,1854,0.0,0.0,0.0
1655,3080,0.0,0.0,0.0
1658,309,0.0,0.0,0.0
1661,2260,0.0,0.0,0.0
1663,1413,0.0,0.0,0.0
1665,2287,0.0,0.0,0.0
1666,2811,0.0,0.0,0.0
1667,2550,0.0,0.0,0.0
1668,36,0.0,0.0,0.0
1671,472,0.0,0.0,0.0
1675,2594,0.0,0.0,0.0
1688,1258,0.0,0.0,0.0
1691,1555,0.0,0.0,0.0
1692,2581,0.0,0.0,0.0
1700,2485,0.0,0.0,0.0
1702,2395,0.27894294565112987,1.0,1.0
1703,3203,0.0,0.0,0.0
1707,1297,0.26264953503719357,1.0,1.0
1709,2111,0.0,0.0,0.0
1710,1403,0.0,0.0,0.0
1711,84,0.0,0.0,0.0
1716,2111,0.0,0.0,0.0
1723,2293,0.0,0.0,0.0
1726,2591,0.0,0.0,0.0
1727,956,0.0,0.0,0.0
1735,309,0.0,0.0,0.0
1736,212,0.0,0.0,0.0
1739,3238,0.0,0.0,0.0
1741,2395,0.25,1.0,1.0
1744,2203,0.0,0.0,0.0
1745,2405,0.0,0.0,0.0
1747,260,0.0,0.0,0.0
1757,3256,0.0,0.0,0.0
1761,2615,0.0,0.0,0.0
1763,47,0.0,0.0,0.0
1765,2745,0.0,0.0,0.0
1773,2971,0.0,0.0,0.0
1776,2872,0.0,0.0,0.0
1779,2581,0.0,0.0,0.0
1782,298,0.0,0.0,0.0
1786,534,0.5,1.0,1.0
1787,886,0.27894294565112987,1.0,1.0
1789,314,0.0,0.0,0.0
1790,3218,0.0,0.0,0.0
1792,2311,0.0,0.0,0.0
1794,1023,0.5,1.0,1.0
1796,3068,0.0,0.0,0.0
1800,1239,0.0,0.0,0.0
1802,1168,0.0,0.0,0.0
1804,1131,0.0,0.0,0.0
1805,2894,0.0,0.0,0.0
1808,3126,0.0,0.0,0.0
1811,793,0.0,0.0,0.0
1814,2033,0.0,0.0,0.0
1815,1610,0.0,0.0,0.0
1817,3085,0.0,0.0,0.0
1822,1413,0.0,0.0,0.0
1823,3149,0.0,0.0,0.0
1824,2674,0.0,0.0,0.0
1825,2569,0.23981246656813146,1.0,1.0
1828,2260,0.2559580248098155,1.0,1.0
1829,1261,0.43067655807339306,1.0,1.0
1832,3221,0.0,0.0,0.0
1838,1592,0.0,0.0,0.0
1839,2812,0.0,0.0,0.0
1840,1000,0.0,0.0,0.0
1841,2203,0.0,0.0,0.0
1844,2853,0.0,0.0,0.0
1858,1295,0.0,0.0,0.0
1860,2454,0.0,0.0,0.0
1862,2835,0.0,0.0,0.0
1863,3205,0.0,0.0,0.0
1865,2899,0.0,0.0,0.0
1869,2394,0.0,0.0,0.0
1870,2914,0.0,0.0,0.0
1871,520,0.0,0.0,0.0
1878,2400,0.0,0.0,0.0
1884,2202,0.0,0.0,0.0
1887,1249,0.0,0.0,0.0
1889,137,0.0,0.0,0.0
1896,732,0.0,0.0,0.0
1900,1024,0.0,0.0,0.0
1902,1602,0.0,0.0,0.0
1905,2165,0.0,0.0,0.0
1906,974,0.0,0.0,0.0
1907,1506,0.0,0.0,0.0
1915,2920,0.0,0.0,0.0
1916,3059,0.0,0.0,0.0
1919,780,0.0,0.0,0.0
1922,3216,0.0,0.0,0.0
1926,3219,0.0,0.0,0.0
1929,1851,0.0,0.0,0.0
1931,2559,0.0,0.0,0.0
1935,2853,0.0,0.0,0.0
1940,913,0.3562071871080222,1.0,1.0
1944,2674,0.0,0.0,0.0
1946,1445,0.0,0.0,0.0
1947,2816,0.0,0.0,0.0
1949,2219,0.0,0.0,0.0
1953,3112,0.0,0.0,0.0
1959,2601,0.0,0.0,0.0
1961,3259,0.0,0.0,0.0
1962,1324,0.0,0.0,0.0
1963,2972,0.0,0.0,0.0
1969,2575,0.0,0.0,0.0
1970,1899,0.0,0.0,0.0
1973,510,0.0,0.0,0.0
1978,2717,0.0,0.0,0.0
1983,1350,0.0,0.0,0.0
1986,2701,0.0,0.0,0.0
1989,2472,0.0,0.0,0.0
1991,2900,0.0,0.0,0.0
1994,3112,0.0,0.0,0.0
1997,1012,0.3562071871080222,1.0,1.0
2000,2456,0.0,0.0,0.0
2006,1420,0.0,0.0,0.0
2015,2223,0.0,0.0,0.0
2016,24,0.0,0.0,0.0
2017,2544,0.0,0.0,0.0
2018,2936,0.0,0.0,0.0
2021,1653,0.0,0.0,0.0
2023,2869,0.0,0.0,0.0
2027,659,0.0,0.0,0.0
2028,304,0.0,0.0,0.0
2029,2960,0.0,0.0,0.0
2030,2789,0.0,0.0,0.0
2033,2405,0.0,0.0,0.0
2034,1843,0.0,0.0,0.0
2037,722,0.0,0.0,0.0
2038,1248,0.0,0.0,0.0
2040,422,0.0,0.0,0.0
2042,2746,0.0,0.0,0.0
2047,1297,0.0,0.0,0.0
2055,1074,0.0,0.0,0.0
2058,2629,0.0,0.0,0.0
2059,1544,0.0,0.0,0.0
2061,3078,0.0,0.0,0.0
2062,656,0.0,0.0,0.0
2067,2260,0.25,1.0,1.0
2071,1821,0.0,0.0,0.0
2076,886,1.0,1.0,1.0
2078,3069,0.0,0.0,0.0
2087,261,0.0,0.0,0.0
2088,2343,1.0,1.0,1.0
2091,472,0.0,0.0,0.0
2093,2690,0.0,0.0,0.0
2097,2879,0.0,0.0,0.0
2104,2206,0.0,0.0,0.0
2107,420,0.0,0.0,0.0
2110,1045,0.0,0.0,0.0
2115,1248,0.0,0.0,0.0
2119,2704,0.0,0.0,0.0
2124,1670,0.0,0.0,0.0
2126,2219,0.0,0.0,0.0
2128,3217,0.0,0.0,0.0
2133,2197,0.0,0.0,0.0
2134,2115,0.0,0.0,0.0
2136,2260,0.227670248696953,1.0,1.0
2138,120,0.0,0.0,0.0
2139,2765,0.0,0.0,0.0
2152,1041,0.0,0.0,0.0
2153,2569,0.0,0.0,0.0
2155,358,0.0,0.0,0.0
2156,1846,0.0,0.0,0.0
2157,490,0.0,0.0,0.0
2158,3014,0.0,0.0,0.0
2159,2881,0.0,0.0,0.0
2162,654,0.0,0.0,0.0
2165,1443,0.0,0.0,0.0
2170,2410,0.0,0.0,0.0
2174,3192,0.0,0.0,0.0
2175,2752,0.0,0.0,0.0
2176,1823,0.0,0.0,0.0
2178,675,0.0,0.0,0.0
2179,2779,0.0,0.0,0.0
2180,889,0.27023815442731974,1.0,1.0
2185,2782,0.0,0.0,0.0
2190,1134,0.0,0.0,0.0
2196,2924,0.0,0.0,0.0
2199,1464,0.0,0.0,0.0
2200,821,0.0,0.0,0.0
2204,3209,0.0,0.0,0.0
2207,2918,0.0,0.0,0.0
2214,3101,0.0,0.0,0.0
2216,2700,0.0,0.0,0.0
2221,329,0.0,0.0,0.0
2223,2605,0.0,0.0,0.0
2230,655,0.0,0.0,0.0
2231,3208,0.0,0.0,0.0
2232,3165,0.0,0.0,0.0
2233,2765,0.0,0.0,0.0
2234,1483,0.0,0.0,0.0
2238,480,0.27023815442731974,1.0,1.0
2245,3209,0.0,0.0,0.0
2246,3048,0.0,0.0,0.0
2248,1846,0.0,0.0,0.0
2250,2771,0.0,0.0,0.0
2254,1047,0.0,0.0,0.0
2264,2233,0.0,0.0,0.0
2266,3020,0.0,0.0,0.0
2269,1602,0.0,0.0,0.0
2271,3126,0.0,0.0,0.0
2272,2456,0.0,0.0,0.0
2273,2844,0.0,0.0,0.0
2274,739,0.0,0.0,0.0
2277,2456,0.0,0.0,0.0
2279,2689,0.0,0.0,0.0
2283,3035,0.0,0.0,0.0
2286,3058,0.0,0.0,0.0
2288,988,0.0,0.0,0.0
2290,1249,0.0,0.0,0.0
2294,1065,0.0,0.0,0.0
2295,1939,0.26264953503719357,1.0,1.0
2298,2151,0.0,0.0,0.0
2301,1789,0.0,0.0,0.0
2302,3083,0.24465054211822604,1.0,1.0
2304,2207,0.0,0.0,0.0
2313,2214,0.0,0.0,0.0
2320,3052,0.0,0.0,0.0
2321,1024,0.0,0.0,0.0
2324,3121,0.0,0.0,0.0
2329,3255,0.0,0.0,0.0
2331,1716,0.0,0.0,0.0
2332,309,0.0,0.0,0.0
2336,1712,0.0,0.0,0.0
2337,2913,0.0,0.0,0.0
2338,1967,0.0,0.0,0.0
2341,3184,0.0,0.0,0.0
2342,2956,0.0,0.0,0.0
2348,2712,0.0,0.0,0.0
2349,728,0.24465054211822604,1.0,1.0
2356,3150,0.0,0.0,0.0
2357,1653,0.0,0.0,0.0
2366,2367,0.0,0.0,0.0
2369,1551,0.0,0.0,0.0
2378,1551,0.0,0.0,0.0
2385,342,0.0,0.0,0.0
2387,2425,0.0,0.0,0.0
2392,2095,0.0,0.0,0.0
2395,1101,0.0,0.0,0.0
2397,502,0.0,0.0,0.0
2402,2300,0.0,0.0,0.0
2408,535,0.0,0.0,0.0
2410,1717,0.0,0.0,0.0
2411,3110,0.0,0.0,0.0
2412,3094,0.0,0.0,0.0
2415,3256,0.0,0.0,0.0
2421,2397,0.0,0.0,0.0
2423,1187,0.0,0.0,0.0
2424,1052,0.0,0.0,0.0
2425,1547,0.0,0.0,0.0
2428,1279,0.0,0.0,0.0
2429,2501,0.0,0.0,0.0
2431,2261,0.0,0.0,0.0
2432,1361,0.0,0.0,0.0
2434,3187,0.0,0.0,0.0
2440,1883,0.0,0.0,0.0
2443,2332,0.0,0.0,0.0
2448,3190,0.0,0.0,0.0
2449,900,0.0,0.0,0.0
2451,1501,0.0,0.0,0.0
2459,2456,0.0,0.0,0.0
2471,2618,0.23540891336663824,1.0,1.0
2472,2063,0.0,0.0,0.0
2474,2868,0.0,0.0,0.0
2475,2597,0.0,0.0,0.0
2477,727,0.0,0.0,0.0
2478,1317,0.0,0.0,0.0
2479,1622,0.0,0.0,0.0
2493,1712,0.0,0.0,0.0
2495,1056,0.0,0.0,0.0
2498,2456,0.0,0.0,0.0
2503,746,0.0,0.0,0.0
2504,283,0.0,0.0,0.0
2508,2785,0.0,0.0,0.0
2510,2528,0.0,0.0,0.0
2512,2249,0.0,0.0,0.0
2513,3064,0.0,0.0,0.0
2514,1849,0.0,0.0,0.0
2516,2937,0.0,0.0,0.0
2518,1755,0.0,0.0,0.0
2524,2751,0.0,0.0,0.0
2536,1134,0.0,0.0,0.0
2537,1701,0.0,0.0,0.0
2544,1861,0.0,0.0,0.0
2545,2917,0.0,0.0,0.0
2546,1060,0.0,0.0,0.0
2547,2456,0.0,0.0,0.0
2555,2977,0.0,0.0,0.0
2556,48,0.0,0.0,0.0
2559,678,0.0,0.0,0.0
2562,1131,0.0,0.0,0.0
2566,361,0.0,0.0,0.0
2567,936,0.0,0.0,0.0
2569,1102,0.0,0.0,0.0
2570,1103,0.0,0.0,0.0
2571,2210,0.0,0.0,0.0
2573,1851,0.0,0.0,0.0
2579,1967,0.0,0.0,0.0
2585,3224,0.0,0.0,0.0
2586,889,0.0,0.0,0.0
2588,3238,0.0,0.0,0.0
2589,2741,0.0,0.0,0.0
2601,1547,0.0,0.0,0.0
2603,2972,0.0,0.0,0.0
2607,1893,0.0,0.0,0.0
2608,2717,0.0,0.0,0.0
2610,3079,0.0,0.0,0.0
2611,1823,0.0,0.0,0.0
2612,1018,0.38685280723454163,1.0,1.0
2625,724,0.0,0.0,0.0
2629,3126,0.0,0.0,0.0
2639,2972,0.0,0.0,0.0
2647,2261,0.0,0.0,0.0
2651,2397,0.0,0.0,0.0
2653,2853,0.0,0.0,0.0
2657,2671,0.0,0.0,0.0
2660,1956,0.0,0.0,0.0
2662,3078,0.0,0.0,0.0
2666,2563,0.0,0.0,0.0
2667,1482,0.0,0.0,0.0
2671,2208,0.0,0.0,0.0
2678,1524,0.0,0.0,0.0
2679,3126,0.0,0.0,0.0
2680,1448,0.0,0.0,0.0
2684,2723,0.0,0.0,0.0
2686,2428,0.0,0.0,0.0
2687,1325,0.0,0.0,0.0
2689,1131,0.0,0.0,0.0
2690,1896,0.0,0.0,0.0
2691,678,0.0,0.0,0.0
2693,2707,0.0,0.0,0.0
2694,1125,0.24465054211822604,1.0,1.0
2697,1555,0.0,0.0,0.0
2700,1041,0.0,0.0,0.0
2701,1015,0.0,0.0,0.0
2705,1939,0.25,1.0,1.0
2717,1736,0.0,0.0,0.0
2720,2037,0.0,0.0,0.0
2724,3255,0.0,0.0,0.0
2727,2596,0.0,0.0,0.0
2731,740,0.2559580248098155,1.0,1.0
2734,2203,0.0,0.0,0.0
2737,550,0.0,0.0,0.0
2740,2898,0.0,0.0,0.0
2741,504,0.0,0.0,0.0
2744,1118,0.0,0.0,0.0
2745,2179,0.0,0.0,0.0
2747,2116,0.0,0.0,0.0
2748,2718,0.0,0.0,0.0
2750,1852,0.0,0.0,0.0
2751,654,0.0,0.0,0.0
2753,2432,0.0,0.0,0.0
2754,2269,0.0,0.0,0.0
2755,2260,0.27894294565112987,1.0,1.0
2756,1970,0.0,0.0,0.0
2762,2094,0.2890648263178879,1.0,1.0
2770,2008,0.0,0.0,0.0
2773,2983,0.0,0.0,0.0
2774,2940,0.0,0.0,0.0
2776,2779,0.0,0.0,0.0
2777,236,0.0,0.0,0.0
2780,1153,0.0,0.0,0.0
2785,1501,0.0,0.0,0.0
2787,2232,0.0,0.0,0.0
2791,900,0.0,0.0,0.0
2795,2397,0.0,0.0,0.0
2798,1899,0.2890648263178879,1.0,1.0
2801,1861,0.0,0.0,0.0
2802,1104,0.0,0.0,0.0
2807,2168,0.0,0.0,0.0
2812,2287,0.0,0.0,0.0
2813,3184,0.0,0.0,0.0
2814,2058,0.0,0.0,0.0
2818,879,0.0,0.0,0.0
2824,2535,0.0,0.0,0.0
2825,288,0.0,0.0,0.0
2829,2343,0.5,1.0,1.0
2838,2456,0.0,0.0,0.0
2839,2815,0.0,0.0,0.0
2840,3178,0.0,0.0,0.0
2841,1132,0.0,0.0,0.0
2844,1119,0.0,0.0,0.0
2845,1880,0.0,0.0,0.0
2846,2072,0.0,0.0,0.0
2855,735,0.25,1.0,1.0
2863,3126,0.0,0.0,0.0
2865,1967,0.0,0.0,0.0
2868,1211,0.0,0.0,0.0
2870,1739,0.0,0.0,0.0
2876,3087,0.0,0.0,0.0
2877,1630,0.0,0.0,0.0
2881,1823,0.0,0.0,0.0
2883,55,0.0,0.0,0.0
2886,576,0.0,0.0,0.0
2889,1737,0.0,0.0,0.0
2890,2456,0.0,0.0,0.0
2891,2851,0.0,0.0,0.0
2892,2137,0.2559580248098155,1.0,1.0
2894,1189,0.0,0.0,0.0
2895,644,0.25,1.0,1.0
2896,3057,0.0,0.0,0.0
2898,2430,0.0,0.0,0.0
2899,1002,0.0,0.0,0.0
2900,2104,0.0,0.0,0.0
2912,1320,0.0,0.0,0.0
2919,1997,0.0,0.0,0.0
2920,2931,0.0,0.0,0.0
2921,1297,0.0,0.0,0.0
2923,536,0.0,0.0,0.0
2925,2815,0.0,0.0,0.0
2927,530,0.23137821315975915,1.0,1.0
2928,881,0.0,0.0,0.0
2930,2037,0.0,0.0,0.0
2935,833,0.0,0.0,0.0
2939,2674,0.0,0.0,0.0
2948,2707,0.0,0.0,0.0
2951,2917,0.0,0.0,0.0
2953,2456,0.0,0.0,0.0
2956,1823,0.0,0.0,0.0
2959,2390,0.0,0.0,0.0
2966,2754,0.0,0.0,0.0
2968,2070,0.0,0.0,0.0
2969,2673,0.0,0.0,0.0
2972,3126,0.0,0.0,0.0
2975,1384,0.0,0.0,0.0
2977,1009,0.0,0.0,0.0
2984,1602,0.0,0.0,0.0
2986,1504,0.0,0.0,0.0
2988,1116,0.0,0.0,0.0
2990,2993,0.0,0.0,0.0
2993,1209,0.0,0.0,0.0
2997,2881,0.0,0.0,0.0
2999,2775,0.0,0.0,0.0
3000,2137,0.5,1.0,1.0
3006,3255,0.0,0.0,0.0
3011,3178,0.0,0.0,0.0
3013,462,0.0,0.0,0.0
3019,321,0.5,1.0,1.0
3020,942,0.0,0.0,0.0
3022,2267,0.0,0.0,0.0
3026,145,0.0,0.0,0.0
3027,3135,0.0,0.0,0.0
3033,2267,0.0,0.0,0.0
3047,1114,0.0,0.0,0.0
3050,2918,0.0,0.0,0.0
3054,728,0.0,0.0,0.0
3056,1274,0.0,0.0,0.0
3057,981,0.0,0.0,0.0
3071,1177,0.0,0.0,0.0
3072,3187,0.0,0.0,0.0
3073,1220,0.0,0.0,0.0
3077,3075,0.0,0.0,0.0
3078,2540,0.0,0.0,0.0
3079,450,0.0,0.0,0.0
3082,823,0.0,0.0,0.0
3084,2568,0.0,0.0,0.0
3088,987,0.0,0.0,0.0
3091,2172,0.0,0.0,0.0
3095,2180,0.0,0.0,0.0
3097,959,0.0,0.0,0.0
3098,2745,0.0,0.0,0.0
3100,1132,0.0,0.0,0.0
3102,2606,0.0,0.0,0.0
3105,1748,0.0,0.0,0.0
3106,2775,0.0,0.0,0.0
3109,1033,0.0,0.0,0.0
3113,2691,0.0,0.0,0.0
3119,2203,0.0,0.0,0.0
3121,2812,0.0,0.0,0.0
3128,9,0.0,0.0,0.0
3131,2899,0.0,0.0,0.0
3134,2540,0.0,0.0,0.0
3136,2116,0.0,0.0,0.0
3140,1936,0.0,0.0,0.0
3142,2326,0.0,0.0,0.0
3146,1832,0.0,0.0,0.0
3148,2658,0.0,0.0,0.0
3156,219,0.0,0.0,0.0
3159,1840,0.0,0.0,0.0
3165,1044,0.0,0.0,0.0
3170,1781,0.0,0.0,0.0
3175,2705,0.0,0.0,0.0
3177,1908,0.0,0.0,0.0
3182,2456,0.0,0.0,0.0
3183,1506,0.0,0.0,0.0
3185,1406,0.0,0.0,0.0
3187,545,0.0,0.0,0.0
3189,1142,0.0,0.0,0.0
3197,719,0.0,0.0,0.0
3198,3184,0.0,0.0,0.0
3200,256,0.0,0.0,0.0
3203,284,0.0,0.0,0.0
3204,241,0.0,0.0,0.0
3205,2456,0.0,0.0,0.0
3211,2431,0.0,0.0,0.0
3212,2287,0.24465054211822604,1.0,1.0
3214,3119,0.0,0.0,0.0
3216,1387,0.0,0.0,0.0
3221,97,0.38685280723454163,1.0,1.0
3224,500,0.0,0.0,0.0
3225,1116,0.0,0.0,0.0
3234,3126,0.0,0.0,0.0
3241,1031,0.0,0.0,0.0
3242,2388,0.0,0.0,0.0
3248,2650,0.0,0.0,0.0
3249,1506,0.0,0.0,0.0
3255,993,0.23981246656813146,1.0,1.0
3262,3039,0.0,0.0,0.0
3263,3085,0.0,0.0,0.0
3264,2899,0.0,0.0,0.0
3266,1384,0.0,0.0,0.0
3270,1932,0.0,0.0,0.0
3271,2775,0.0,0.0,0.0
3272,739,0.0,0.0,0.0
3278,3219,0.0,0.0,0.0
3279,116,0.0,0.0,0.0
3280,531,0.5,1.0,1.0
3282,2317,0.0,0.0,0.0
3283,411,0.0,0.0,0.0
3287,3116,0.0,0.0,0.0
3291,2501,0.0,0.0,0.0
3298,2624,0.0,0.0,0.0
3299,182,0.0,0.0,0.0
3303,2361,0.0,0.0,0.0
3305,1343,0.0,0.0,0.0
3311,3152,0.0,0.0,0.0
3316,1876,0.0,0.0,0.0
3317,1546,0.0,0.0,0.0
3319,1705,0.0,0.0,0.0
3322,2466,0.0,0.0,0.0
3323,2495,0.0,0.0,0.0
3326,3255,0.0,0.0,0.0
3327,57,0.0,0.0,0.0
3329,480,0.27894294565112987,1.0,1.0
3339,2879,0.0,0.0,0.0
3340,2868,0.0,0.0,0.0
3343,2466,0.23137821315975915,1.0,1.0
3348,2618,0.0,0.0,0.0
3352,2876,0.0,0.0,0.0
3357,1230,0.23137821315975915,1.0,1.0
3360,1248,0.0,0.0,0.0
3372,1278,0.0,0.0,0.0
3376,2323,0.0,0.0,0.0
3378,2261,0.0,0.0,0.0
3379,2890,0.0,0.0,0.0
3382,1600,0.0,0.0,0.0
3389,3139,0.0,0.0,0.0
3392,1118,0.0,0.0,0.0
3396,32,0.0,0.0,0.0
3398,2936,0.0,0.0,0.0
3399,2841,0.0,0.0,0.0
3407,2532,0.0,0.0,0.0
3408,1866,0.0,0.0,0.0
3411,965,1.0,1.0,1.0
3412,2586,0.0,0.0,0.0
3414,1949,0.0,0.0,0.0
3417,2417,0.0,0.0,0.0
3418,2150,0.0,0.0,0.0
3421,2313,0.0,0.0,0.0
3424,2624,0.0,0.0,0.0
3429,2419,0.0,0.0,0.0
3430,3004,0.0,0.0,0.0
3439,1187,0.0,0.0,0.0
3441,2212,0.0,0.0,0.0
3446,617,0.0,0.0,0.0
3449,2609,0.0,0.0,0.0
3452,2604,0.0,0.0,0.0
3455,3038,0.0,0.0,0.0
3456,1019,0.0,0.0,0.0
3458,3121,0.0,0.0,0.0
3462,2287,0.0,0.0,0.0
3463,977,0.0,0.0,0.0
3464,2851,0.0,0.0,0.0
3468,1944,0.0,0.0,0.0
3473,2472,0.0,0.0,0.0
3474,2692,0.0,0.0,0.0
3479,3121,0.0,0.0,0.0
3480,1031,0.0,0.0,0.0
3485,456,0.0,0.0,0.0
3492,3099,0.0,0.0,0.0
3500,747,0.0,0.0,0.0
3501,1823,0.0,0.0,0.0
3509,2514,0.0,0.0,0.0
3511,3219,0.0,0.0,0.0
3517,942,0.0,0.0,0.0
3520,3111,0.0,0.0,0.0
3521,2077,0.0,0.0,0.0
3523,2924,0.0,0.0,0.0
3532,2183,0.0,0.0,0.0
3533,1939,0.2559580248098155,1.0,1.0
3535,2539,0.0,0.0,0.0
3537,2204,0.0,0.0,0.0
3538,2945,0.0,0.0,0.0
3544,1375,0.227670248696953,1.0,1.0
3550,1347,0.0,0.0,0.0
3552,2606,0.0,0.0,0.0
3555,2569,0.2559580248098155,1.0,1.0
3559,2553,0.0,0.0,0.0
3563,1345,0.0,0.0,0.0
3566,2398,0.0,0.0,0.0
3567,2528,0.0,0.0,0.0
3568,2352,0.0,0.0,0.0
3569,2812,0.0,0.0,0.0
3570,339,0.0,0.0,0.0
3574,2464,0.0,0.0,0.0
3577,2751,0.0,0.0,0.0
3589,1001,0.0,0.0,0.0
3590,980,0.0,0.0,0.0
3593,497,0.0,0.0,0.0
3594,2471,0.0,0.0,0.0
3595,180,0.0,0.0,0.0
3596,1182,0.0,0.0,0.0
3600,955,0.23137821315975915,1.0,1.0
3603,678,0.0,0.0,0.0
3604,493,0.0,0.0,0.0
3609,2128,0.0,0.0,0.0
3611,2623,0.0,0.0,0.0
3612,3069,0.0,0.0,0.0
3613,284,0.0,0.0,0.0
3615,2454,0.0,0.0,0.0
3618,2853,0.0,0.0,0.0
3620,1212,0.0,0.0,0.0
3622,2456,0.0,0.0,0.0
3623,2879,0.0,0.0,0.0
3625,1019,0.0,0.0,0.0
3626,619,0.0,0.0,0.0
3627,2366,0.0,0.0,0.0
3634,2554,0.0,0.0,0.0
3638,2963,0.0,0.0,0.0
3639,3078,0.0,0.0,0.0
3650,2466,0.23981246656813146,1.0,1.0
3654,2260,0.0,0.0,0.0
3664,2037,0.0,0.0,0.0
3666,891,0.0,0.0,0.0
3671,2617,0.0,0.0,0.0
3694,1131,0.0,0.0,0.0
3696,811,0.0,0.0,0.0
3700,2881,0.0,0.0,0.0
3701,2563,0.0,0.0,0.0
3704,1957,0.0,0.0,0.0
3711,644,0.0,0.0,0.0
3716,3219,0.0,0.0,0.0
3718,2214,0.0,0.0,0.0
3719,1967,0.0,0.0,0.0
3722,2499,0.0,0.0,0.0
3728,3224,0.0,0.0,0.0
3729,3102,0.0,0.0,0.0
3736,1491,0.0,0.0,0.0
3737,1023,0.6309297535714575,1.0,1.0
3738,2618,0.0,0.0,0.0
3742,2094,0.227670248696953,1.0,1.0
3744,1198,0.0,0.0,0.0
3745,2395,1.0,1.0,1.0
3746,3113,0.0,0.0,0.0
3751,2569,0.0,0.0,0.0
3756,1756,0.0,0.0,0.0
3758,735,0.2559580248098155,1.0,1.0
3759,2914,0.0,0.0,0.0
3761,3069,0.0,0.0,0.0
3766,2691,0.0,0.0,0.0
3770,3184,0.0,0.0,0.0
3776,1254,0.0,0.0,0.0
3778,1714,0.0,0.0,0.0
3781,2210,0.0,0.0,0.0
3784,2128,0.0,0.0,0.0
3786,3114,0.0,0.0,0.0
3790,2465,0.0,0.0,0.0
3795,3139,0.0,0.0,0.0
3797,265,0.0,0.0,0.0
3798,2603,0.0,0.0,0.0
3801,2095,0.0,0.0,0.0
3804,2882,0.0,0.0,0.0
3809,3085,0.0,0.0,0.0
3810,1909,0.0,0.0,0.0
3811,2210,0.0,0.0,0.0
3812,2036,0.0,0.0,0.0
3814,344,0.0,0.0,0.0
3816,1271,0.0,0.0,0.0
3820,1766,0.0,0.0,0.0
3822,2063,0.0,0.0,0.0
3833,3209,0.0,0.0,0.0
3842,889,0.0,0.0,0.0
3843,1863,0.0,0.0,0.0
3845,3187,0.0,0.0,0.0
3846,44,0.0,0.0,0.0
3847,1998,0.0,0.0,0.0
3849,1465,0.0,0.0,0.0
3850,2668,0.0,0.0,0.0
3859,3098,0.0,0.0,0.0
3865,2318,0.0,0.0,0.0
3867,1248,0.0,0.0,0.0
3871,1618,0.31546487678572877,1.0,1.0
3873,2424,0.0,0.0,0.0
3877,2394,0.0,0.0,0.0
3878,1899,0.0,0.0,0.0
3880,61,0.0,0.0,0.0
3884,857,0.0,0.0,0.0
3885,3038,0.0,0.0,0.0
3891,1318,0.0,0.0,0.0
3893,3209,0.0,0.0,0.0
3894,2563,0.0,0.0,0.0
3895,2303,0.0,0.0,0.0
3896,1803,0.0,0.0,0.0
3897,2427,0.0,0.0,0.0
3898,2456,0.0,0.0,0.0
3900,856,0.0,0.0,0.0
3912,2618,0.0,0.0,0.0
3920,2936,0.3333333333333333,1.0,1.0
3922,2439,0.0,0.0,0.0
3923,2372,0.0,0.0,0.0
3924,2619,0.0,0.0,0.0
3929,2018,0.0,0.0,0.0
3930,3190,0.0,0.0,0.0
3932,2300,0.0,0.0,0.0
3936,906,0.3333333333333333,1.0,1.0
3938,1590,0.0,0.0,0.0
3940,2137,0.3562071871080222,1.0,1.0
3943,999,0.0,0.0,0.0
3945,2788,0.2559580248098155,1.0,1.0
3946,1774,0.0,0.0,0.0
3948,3132,0.0,0.0,0.0
3949,2849,0.0,0.0,0.0
3951,1168,0.0,0.0,0.0
3953,2745,0.0,0.0,0.0
3954,456,0.0,0.0,0.0
3959,1131,0.0,0.0,0.0
3964,2615,0.0,0.0,0.0
3965,2018,0.0,0.0,0.0
3967,1613,0.0,0.0,0.0
3969,3198,0.0,0.0,0.0
3973,992,0.0,0.0,0.0
3981,1060,0.0,0.0,0.0
3982,3096,0.0,0.0,0.0
3993,3135,0.0,0.0,0.0
4000,2626,0.0,0.0,0.0
4001,2855,0.0,0.0,0.0
4004,3215,0.0,0.0,0.0
4007,3086,0.0,0.0,0.0
4009,2456,0.0,0.0,0.0
4011,3127,0.0,0.0,0.0
4015,3121,0.38685280723454163,1.0,1.0
4016,2659,0.0,0.0,0.0
4017,1691,0.0,0.0,0.0
4019,3032,0.0,0.0,0.0
4024,3220,0.0,0.0,0.0
4026,2195,0.0,0.0,0.0
4029,2061,0.0,0.0,0.0
4033,879,0.0,0.0,0.0
4035,1102,0.0,0.0,0.0
4040,3164,0.0,0.0,0.0
4041,3219,0.0,0.0,0.0
4046,1381,0.0,0.0,0.0
4047,371,0.0,0.0,0.0
4048,2376,0.0,0.0,0.0
4049,2425,0.0,0.0,0.0
4050,2380,0.0,0.0,0.0
4051,196,0.0,0.0,0.0
4052,535,0.0,0.0,0.0
4054,166,0.0,0.0,0.0
4057,2070,0.0,0.0,0.0
4058,2618,0.0,0.0,0.0
4063,2917,0.0,0.0,0.0
4067,2456,0.0,0.0,0.0
4070,2707,0.0,0.0,0.0
4072,2521,0.0,0.0,0.0
4076,1899,0.26264953503719357,1.0,1.0
4077,2288,0.0,0.0,0.0
4080,2620,0.0,0.0,0.0
4083,3219,0.0,0.0,0.0
4084,1865,0.0,0.0,0.0
4086,2116,0.0,0.0,0.0
4088,2844,0.0,0.0,0.0
4094,3196,0.0,0.0,0.0
4100,2880,0.0,0.0,0.0
4104,2305,0.0,0.0,0.0
4106,1604,0.0,0.0,0.0
4109,2584,0.0,0.0,0.0
4111,2094,0.27894294565112987,1.0,1.0
4112,3167,0.0,0.0,0.0
4118,3063,0.0,0.0,0.0
4122,44,0.0,0.0,0.0
4123,3129,0.0,0.0,0.0
4129,1118,0.0,0.0,0.0
4133,1554,0.0,0.0,0.0
4135,2936,0.0,0.0,0.0
4140,1246,0.0,0.0,0.0
4141,969,0.0,0.0,0.0
4142,2893,0.0,0.0,0.0
4148,233,0.0,0.0,0.0
4150,2991,0.0,0.0,0.0
4151,1005,0.0,0.0,0.0
4153,3126,0.0,0.0,0.0
4155,2524,0.0,0.0,0.0
4159,2996,0.0,0.0,0.0
4167,334,0.0,0.0,0.0
4168,1424,0.0,0.0,0.0
4169,346,0.0,0.0,0.0
4176,2245,0.0,0.0,0.0
4179,2699,0.0,0.0,0.0
4182,2151,0.0,0.0,0.0
4189,529,0.0,0.0,0.0
4190,3209,0.0,0.0,0.0
4193,2267,0.0,0.0,0.0
4195,2804,0.0,0.0,0.0
4196,2191,0.0,0.0,0.0
4201,3121,0.0,0.0,0.0
4203,2788,0.0,0.0,0.0
4208,2617,0.0,0.0,0.0
4209,2782,0.0,0.0,0.0
4212,2562,0.0,0.0,0.0
4214,1048,0.0,0.0,0.0
4216,3255,0.0,0.0,0.0
4217,2705,0.0,0.0,0.0
4222,3153,0.0,0.0,0.0
4223,1237,0.0,0.0,0.0
4224,2538,0.0,0.0,0.0
4228,2038,0.0,0.0,0.0
4235,1301,0.0,0.0,0.0
4236,1112,0.0,0.0,0.0
4240,493,0.0,0.0,0.0
4242,1719,0.0,0.0,0.0
4246,2151,0.0,0.0,0.0
4247,1945,0.0,0.0,0.0
4252,1934,0.0,0.0,0.0
4253,2958,0.0,0.0,0.0
4259,822,0.0,0.0,0.0
4262,3121,0.0,0.0,0.0
4263,127,0.0,0.0,0.0
4266,726,0.0,0.0,0.0
4271,3031,0.0,0.0,0.0
4272,528,0.0,0.0,0.0
4273,1596,0.0,0.0,0.0
4274,411,0.0,0.0,0.0
4281,3130,0.0,0.0,0.0
4283,2303,0.0,0.0,0.0
4285,1591,0.0,0.0,0.0
4288,3098,0.0,0.0,0.0
4291,2470,0.0,0.0,0.0
4293,1165,0.0,0.0,0.0
4295,3158,0.0,0.0,0.0
4299,2395,0.3333333333333333,1.0,1.0
4300,995,0.0,0.0,0.0
4306,2431,0.0,0.0,0.0
4307,1437,0.0,0.0,0.0
4309,3113,0.0,0.0,0.0
4310,1297,0.0,0.0,0.0
4311,1020,0.0,0.0,0.0
4316,959,0.0,0.0,0.0
4318,1896,0.0,0.0,0.0
4320,2216,0.3562071871080222,1.0,1.0
4323,1047,0.0,0.0,0.0
4324,649,0.0,0.0,0.0
4327,2667,0.0,0.0,0.0
4329,1618,0.38685280723454163,1.0,1.0
4330,2936,0.0,0.0,0.0
4331,1381,0.0,0.0,0.0
4337,2924,0.0,0.0,0.0
4346,2665,0.0,0.0,0.0
4349,3041,0.0,0.0,0.0
4350,2222,0.0,0.0,0.0
4352,2745,0.0,0.0,0.0
4354,1272,0.0,0.0,0.0
4358,1393,0.0,0.0,0.0
4359,2084,0.0,0.0,0.0
4364,3135,0.0,0.0,0.0
4366,1521,0.0,0.0,0.0
4367,1317,0.0,0.0,0.0
4373,1949,0.0,0.0,0.0
4377,1343,0.0,0.0,0.0
4382,3165,0.0,0.0,0.0
4383,3084,0.0,0.0,0.0
4386,2778,0.0,0.0,0.0
4392,883,0.0,0.0,0.0
4394,1368,0.0,0.0,0.0
4399,2224,0.0,0.0,0.0
4402,884,0.0,0.0,0.0
4406,1485,0.0,0.0,0.0
4409,2798,0.0,0.0,0.0
4410,2634,0.0,0.0,0.0
4413,2026,0.0,0.0,0.0
4418,1899,0.0,0.0,0.0
4419,1768,0.0,0.0,0.0
4421,2767,0.0,0.0,0.0
4422,979,0.0,0.0,0.0
4425,1695,0.0,0.0,0.0
4428,2971,0.0,0.0,0.0
4433,1465,0.0,0.0,0.0
4434,2899,0.0,0.0,0.0
4436,1303,0.0,0.0,0.0
4439,1944,0.0,0.0,0.0
4442,601,0.0,0.0,0.0
4444,1567,0.0,0.0,0.0
4451,1614,0.0,0.0,0.0
4453,3129,0.0,0.0,0.0
4454,3087,0.0,0.0,0.0
4455,975,0.0,0.0,0.0
4456,1554,0.0,0.0,0.0
4461,1057,0.0,0.0,0.0
4464,2073,0.0,0.0,0.0
4465,3007,0.0,0.0,0.0
4468,1666,0.0,0.0,0.0
4472,1631,0.0,0.0,0.0
4478,2355,0.0,0.0,0.0
4481,2618,0.38685280723454163,1.0,1.0
4482,2138,0.0,0.0,0.0
4484,294,0.0,0.0,0.0
4488,1211,0.0,0.0,0.0
4489,3136,0.0,0.0,0.0
4491,3080,0.0,0.0,0.0
4496,2823,0.0,0.0,0.0
4503,644,0.0,0.0,0.0
4510,2735,0.0,0.0,0.0
4512,835,0.0,0.0,0.0
4516,2813,0.0,0.0,0.0
4522,237,0.0,0.0,0.0
4530,2468,0.0,0.0,0.0
4531,1317,0.0,0.0,0.0
4533,1476,0.0,0.0,0.0
4538,635,0.0,0.0,0.0
4539,3023,0.0,0.0,0.0
4540,3083,0.0,0.0,0.0
4547,2639,0.0,0.0,0.0
4548,2048,0.0,0.0,0.0
4553,2293,0.0,0.0,0.0
4554,2595,0.0,0.0,0.0
4557,321,0.0,0.0,0.0
4560,828,0.0,0.0,0.0
4561,975,0.0,0.0,0.0
4562,2898,0.0,0.0,0.0
4564,952,0.227670248696953,1.0,1.0
4566,932,0.0,0.0,0.0
4567,827,0.0,0.0,0.0
4568,2568,0.0,0.0,0.0
4572,3156,0.0,0.0,0.0
4573,624,0.0,0.0,0.0
4574,2413,0.0,0.0,0.0
4575,2070,0.0,0.0,0.0
4577,687,0.0,0.0,0.0
4582,321,0.27894294565112987,1.0,1.0
4585,2748,0.0,0.0,0.0
4588,3209,0.0,0.0,0.0
4593,939,0.0,0.0,0.0
4601,1739,0.0,0.0,0.0
4604,2562,0.0,0.0,0.0
4609,1938,0.0,0.0,0.0
4614,1316,0.0,0.0,0.0
4618,2829,0.0,0.0,0.0
4620,1978,0.0,0.0,0.0
4622,2261,0.0,0.0,0.0
4632,2259,0.0,0.0,0.0
4633,1521,0.0,0.0,0.0
4635,2245,0.0,0.0,0.0
4639,1514,0.0,0.0,0.0
4644,1018,0.43067655807339306,1.0,1.0
4645,24,0.0,0.0,0.0
4646,316,0.0,0.0,0.0
4657,545,0.3562071871080222,1.0,1.0
4661,2260,0.23540891336663824,1.0,1.0
4665,1719,0.0,0.0,0.0
4668,729,0.0,0.0,0.0
4669,3083,0.0,0.0,0.0
4676,3192,0.0,0.0,0.0
4677,2456,0.0,0.0,0.0
4678,2627,0.0,0.0,0.0
4687,168,0.0,0.0,0.0
4688,2947,0.0,0.0,0.0
4690,3128,0.0,0.0,0.0
4692,1653,0.0,0.0,0.0
4694,2673,0.0,0.0,0.0
4696,2618,0.0,0.0,0.0
4698,321,0.27023815442731974,1.0,1.0
4699,493,0.0,0.0,0.0
4703,3151,0.0,0.0,0.0
4704,3074,0.0,0.0,0.0
4707,2936,0.3333333333333333,1.0,1.0
4708,2914,0.0,0.0,0.0
4710,2893,0.0,0.0,0.0
4711,814,0.0,0.0,0.0
4712,382,0.0,0.0,0.0
4713,2753,0.0,0.0,0.0
4717,1557,0.0,0.0,0.0
4719,3119,0.0,0.0,0.0
4720,2456,0.0,0.0,0.0
4723,936,0.0,0.0,0.0
4727,2841,0.0,0.0,0.0
4728,2991,0.0,0.0,0.0
4729,3136,0.0,0.0,0.0
4730,451,0.0,0.0,0.0
4734,820,0.0,0.0,0.0
4740,264,0.0,0.0,0.0
4741,1875,0.0,0.0,0.0
4742,2497,0.0,0.0,0.0
4743,1885,0.0,0.0,0.0
4747,3255,0.0,0.0,0.0
4752,1046,0.0,0.0,0.0
4754,2456,0.0,0.0,0.0
4755,2578,0.0,0.0,0.0
4757,2947,0.0,0.0,0.0
4761,769,0.0,0.0,0.0
4763,2569,0.0,0.0,0.0
4764,859,0.0,0.0,0.0
4767,2206,0.0,0.0,0.0
4768,951,1.0,1.0,1.0
4769,2844,0.0,0.0,0.0
4770,2435,0.0,0.0,0.0
4779,2618,0.0,0.0,0.0
4781,2685,0.0,0.0,0.0
4783,3047,0.0,0.0,0.0
4787,1383,0.0,0.0,0.0
4788,2466,0.25,1.0,1.0
4790,2752,0.0,0.0,0.0
4795,844,0.0,0.0,0.0
4796,2197,0.0,0.0,0.0
4798,2826,0.0,0.0,0.0
4800,218,0.0,0.0,0.0
4805,2203,0.0,0.0,0.0
4811,2117,0.0,0.0,0.0
4812,3084,0.0,0.0,0.0
4814,2095,0.0,0.0,0.0
4826,2342,0.0,0.0,0.0
4833,196,0.0,0.0,0.0
4837,2677,0.0,0.0,0.0
4839,1867,0.0,0.0,0.0
4843,32,0.0,0.0,0.0
4847,2893,0.0,0.0,0.0
4853,3049,0.0,0.0,0.0
4858,829,0.0,0.0,0.0
4859,2914,0.0,0.0,0.0
4860,1900,0.0,0.0,0.0
4863,1843,0.0,0.0,0.0
4867,1920,0.0,0.0,0.0
4868,2853,0.0,0.0,0.0
4870,2828,0.0,0.0,0.0
4874,1836,0.0,0.0,0.0
4876,211,0.0,0.0,0.0
4877,1870,0.0,0.0,0.0
4881,2881,0.0,0.0,0.0
4882,2132,0.0,0.0,0.0
4885,1691,0.0,0.0,0.0
4887,1386,0.0,0.0,0.0
4889,1131,0.0,0.0,0.0
4891,2837,0.0,0.0,0.0
4892,2936,0.3562071871080222,1.0,1.0
4895,2880,0.0,0.0,0.0
4896,627,0.0,0.0,0.0
4898,1111,0.0,0.0,0.0
4900,2755,0.0,0.0,0.0
4902,2705,0.0,0.0,0.0
4909,2137,0.38685280723454163,1.0,1.0
4918,1012,0.31546487678572877,1.0,1.0
4921,2431,0.0,0.0,0.0
4923,219,0.0,0.0,0.0
4925,1445,0.0,0.0,0.0
4928,2168,0.0,0.0,0.0
4930,2456,0.0,0.0,0.0
4932,944,0.0,0.0,0.0
4935,2788,0.0,0.0,0.0
4942,740,0.27023815442731974,1.0,1.0
4945,809,0.0,0.0,0.0
4951,322,0.0,0.0,0.0
4952,1296,0.0,0.0,0.0
4955,2618,0.0,0.0,0.0
4956,1925,0.0,0.0,0.0
4958,2137,0.43067655807339306,1.0,1.0
4960,3119,0.0,0.0,0.0
4965,3087,0.0,0.0,0.0
4975,3097,0.0,0.0,0.0
4976,1038,0.0,0.0,0.0
4979,2966,0.0,0.0,0.0
4980,1405,0.0,0.0,0.0
4982,1607,0.0,0.0,0.0
4984,2692,0.0,0.0,0.0
4989,1506,0.0,0.0,0.0
4990,3069,0.0,0.0,0.0
4994,425,0.0,0.0,0.0
4995,1187,0.0,0.0,0.0
4997,2431,0.0,0.0,0.0
5002,342,0.0,0.0,0.0
5006,2466,0.0,0.0,0.0
5009,2887,0.0,0.0,0.0
5010,960,0.0,0.0,0.0
5011,1057,0.0,0.0,0.0
5012,1518,0.0,0.0,0.0
5018,761,0.0,0.0,0.0
5019,11,0.0,0.0,0.0
5023,1800,0.0,0.0,0.0
5024,2599,0.0,0.0,0.0
5029,2992,0.0,0.0,0.0
5031,322,0.0,0.0,0.0
5032,1784,0.0,0.0,0.0
5033,988,0.0,0.0,0.0
5038,1742,0.0,0.0,0.0
5042,2687,0.0,0.0,0.0
5044,1012,0.27023815442731974,1.0,1.0
5046,271,0.0,0.0,0.0
5047,1653,0.0,0.0,0.0
5049,2705,0.0,0.0,0.0
5050,1981,0.0,0.0,0.0
5051,2596,0.0,0.0,0.0
5052,1452,0.0,0.0,0.0
5053,1151,0.0,0.0,0.0
5054,538,0.0,0.0,0.0
5056,2466,0.27023815442731974,1.0,1.0
5067,3065,0.0,0.0,0.0
5068,1412,0.0,0.0,0.0
5069,2611,0.0,0.0,0.0
5071,2958,0.0,0.0,0.0
5072,2346,0.0,0.0,0.0
5073,3219,0.0,0.0,0.0
5074,2148,0.0,0.0,0.0
5077,867,0.0,0.0,0.0
5078,2936,0.23540891336663824,1.0,1.0
5080,2626,0.0,0.0,0.0
5081,991,0.0,0.0,0.0
5089,1120,0.0,0.0,0.0
5097,1022,0.0,0.0,0.0
5101,502,0.0,0.0,0.0
5105,2395,0.0,0.0,0.0
5106,2606,0.2559580248098155,1.0,1.0
5107,486,0.0,0.0,0.0
5108,1667,0.0,0.0,0.0
5111,1680,0.0,0.0,0.0
5112,3136,0.0,0.0,0.0
5114,1102,0.0,0.0,0.0
5117,1823,0.0,0.0,0.0
5123,2550,0.0,0.0,0.0
5124,2711,0.0,0.0,0.0
5125,198,0.0,0.0,0.0
5127,3018,0.0,0.0,0.0
5130,2458,0.0,0.0,0.0
5132,1392,0.0,0.0,0.0
5136,1899,0.23981246656813146,1.0,1.0
5139,2665,0.0,0.0,0.0
5140,148,0.0,0.0,0.0
5143,529,0.0,0.0,0.0
5146,1297,1.0,1.0,1.0
5149,2748,0.0,0.0,0.0
5150,2947,0.0,0.0,0.0
5151,1817,0.0,0.0,0.0
5155,2089,0.0,0.0,0.0
5157,3085,0.0,0.0,0.0
5159,1729,0.0,0.0,0.0
5165,1211,0.0,0.0,0.0
5170,3097,0.0,0.0,0.0
5171,2405,0.0,0.0,0.0
5180,2016,0.0,0.0,0.0
5181,1667,0.0,0.0,0.0
5183,3255,0.0,0.0,0.0
5185,2602,0.0,0.0,0.0
5187,329,0.0,0.0,0.0
5191,2203,0.0,0.0,0.0
5194,2749,0.0,0.0,0.0
5195,1146,0.0,0.0,0.0
5196,1764,0.0,0.0,0.0
5199,2617,0.0,0.0,0.0
5203,2210,0.0,0.0,0.0
5204,3224,0.0,0.0,0.0
5212,2914,0.0,0.0,0.0
5219,2151,0.0,0.0,0.0
5224,1932,0.0,0.0,0.0
5225,1261,0.38685280723454163,1.0,1.0
5228,2137,0.43067655807339306,1.0,1.0
5231,932,0.0,0.0,0.0
5237,3011,0.0,0.0,0.0
5238,3143,0.0,0.0,0.0
5239,372,0.0,0.0,0.0
5240,2137,0.2890648263178879,1.0,1.0
5244,4,0.0,0.0,0.0
5248,2261,0.0,0.0,0.0
5251,2905,0.0,0.0,0.0
5252,2834,0.0,0.0,0.0
5253,2681,0.0,0.0,0.0
5254,781,0.0,0.0,0.0
5260,2343,1.0,1.0,1.0
5263,1013,0.0,0.0,0.0
5266,1843,0.0,0.0,0.0
5267,382,0.0,0.0,0.0
5280,3038,0.0,0.0,0.0
5282,2018,0.0,0.0,0.0
5283,800,0.0,0.0,0.0
5287,306,0.0,0.0,0.0
5290,2202,0.0,0.0,0.0
5291,1004,0.0,0.0,0.0
5293,2229,0.0,0.0,0.0
5307,2971,0.0,0.0,0.0
5309,2416,0.0,0.0,0.0
5315,1883,0.0,0.0,0.0
5324,1796,0.0,0.0,0.0
5325,1078,0.0,0.0,0.0
5328,2497,0.0,0.0,0.0
5329,939,0.0,0.0,0.0
5343,2974,0.0,0.0,0.0
5350,1,0.0,0.0,0.0
5351,1018,0.38685280723454163,1.0,1.0
5356,2447,0.0,0.0,0.0
5358,1543,0.0,0.0,0.0
5360,1380,0.0,0.0,0.0
5367,338,0.0,0.0,0.0
5368,2337,0.0,0.0,0.0
5371,2924,0.0,0.0,0.0
5374,1899,0.0,0.0,0.0
5375,2443,0.0,0.0,0.0
5377,3069,0.0,0.0,0.0
5380,2394,0.0,0.0,0.0
5383,3011,0.0,0.0,0.0
5384,2620,0.0,0.0,0.0
5388,2630,0.0,0.0,0.0
5391,491,0.0,0.0,0.0
5394,2724,0.0,0.0,0.0
5397,2658,0.0,0.0,0.0
5400,2132,0.0,0.0,0.0
5402,1964,0.0,0.0,0.0
5403,2212,0.0,0.0,0.0
5405,1550,0.0,0.0,0.0
5409,2341,0.0,0.0,0.0
5411,2261,0.0,0.0,0.0
5414,3113,0.0,0.0,0.0
5420,2958,0.0,0.0,0.0
5422,2239,0.0,0.0,0.0
5424,961,0.0,0.0,0.0
5426,2967,0.0,0.0,0.0
5430,1171,0.0,0.0,0.0
5434,644,0.27023815442731974,1.0,1.0
5440,2427,0.0,0.0,0.0
5441,1444,0.0,0.0,0.0
5443,2456,0.0,0.0,0.0
5447,962,0.0,0.0,0.0
5448,1423,0.0,0.0,0.0
5451,165,0.0,0.0,0.0
5452,729,0.0,0.0,0.0
5457,1827,0.0,0.0,0.0
5462,2885,0.0,0.0,0.0
5465,2828,0.0,0.0,0.0
5467,3165,0.0,0.0,0.0
5468,2824,0.0,0.0,0.0
5470,1299,0.0,0.0,0.0
5471,2288,0.0,0.0,0.0
5473,2202,0.0,0.0,0.0
5477,1376,0.0,0.0,0.0
5478,2117,0.0,0.0,0.0
5480,2745,0.0,0.0,0.0
5481,2963,0.0,0.0,0.0
5482,3069,0.0,0.0,0.0
5488,288,0.0,0.0,0.0
5490,3084,0.0,0.0,0.0
5492,3202,0.0,0.0,0.0
5494,2618,0.0,0.0,0.0
5497,1967,0.0,0.0,0.0
5498,688,0.0,0.0,0.0
5500,1753,0.0,0.0,0.0
5504,1288,0.0,0.0,0.0
5509,1224,0.0,0.0,0.0
5512,1549,0.0,0.0,0.0
5514,2195,0.0,0.0,0.0
5515,1827,0.0,0.0,0.0
5522,1944,0.0,0.0,0.0
5523,2197,0.0,0.0,0.0
5524,1024,0.0,0.0,0.0
5525,2834,0.0,0.0,0.0
5528,2936,0.0,0.0,0.0
5530,1680,0.0,0.0,0.0
5534,1939,0.23981246656813146,1.0,1.0
5536,2497,0.0,0.0,0.0
5545,2934,0.0,0.0,0.0
5549,1846,0.0,0.0,0.0
5552,2603,0.0,0.0,0.0
5555,947,0.0,0.0,0.0
5556,2844,0.26264953503719357,1.0,1.0
5557,1939,0.31546487678572877,1.0,1.0
5558,1186,0.0,0.0,0.0
5559,1212,0.0,0.0,0.0
5560,1602,0.0,0.0,0.0
5562,886,0.3562071871080222,1.0,1.0
5566,2532,0.0,0.0,0.0
5569,2172,0.0,0.0,0.0
5571,728,0.0,0.0,0.0
5573,1354,0.0,0.0,0.0
5575,2513,0.0,0.0,0.0
5580,1897,0.0,0.0,0.0
5582,2456,0.0,0.0,0.0
5583,1910,0.0,0.0,0.0
5585,126,0.0,0.0,0.0
5586,2036,0.0,0.0,0.0
5587,655,0.0,0.0,0.0
5590,2899,0.0,0.0,0.0
5596,2953,0.0,0.0,0.0
5598,1737,0.0,0.0,0.0
5610,2423,0.0,0.0,0.0
5626,904,0.0,0.0,0.0
5627,2195,0.0,0.0,0.0
5629,2947,0.0,0.0,0.0
5633,2456,0.0,0.0,0.0
5635,2100,0.0,0.0,0.0
5641,1675,0.0,0.0,0.0
5643,710,0.0,0.0,0.0
5644,1491,0.0,0.0,0.0
5645,1044,0.0,0.0,0.0
5647,2432,0.0,0.0,0.0
5654,2916,0.0,0.0,0.0
5656,495,0.0,0.0,0.0
5660,1899,0.6309297535714575,1.0,1.0
5662,2472,0.0,0.0,0.0
5664,2261,0.0,0.0,0.0
5669,2972,0.0,0.0,0.0
5675,1490,0.0,0.0,0.0
5680,2041,0.0,0.0,0.0
5684,2116,0.0,0.0,0.0
5686,1965,0.0,0.0,0.0
5695,2983,0.0,0.0,0.0
5697,1271,0.0,0.0,0.0
5699,2795,0.0,0.0,0.0
5702,2157,0.0,0.0,0.0
5704,2188,0.0,0.0,0.0
5705,491,0.0,0.0,0.0
5709,1324,0.0,0.0,0.0
5712,1510,0.0,0.0,0.0
5713,2388,0.0,0.0,0.0
5715,1980,0.0,0.0,0.0
5717,576,0.0,0.0,0.0
5719,2859,0.0,0.0,0.0
5720,2743,0.0,0.0,0.0
5721,2555,0.0,0.0,0.0
5723,2706,0.0,0.0,0.0
5727,1925,0.0,0.0,0.0
5729,1775,0.0,0.0,0.0
5730,2137,0.43067655807339306,1.0,1.0
5732,1100,0.24465054211822604,1.0,1.0
5735,829,0.0,0.0,0.0
5744,1744,0.0,0.0,0.0
5750,1726,0.0,0.0,0.0
5752,2617,0.0,0.0,0.0
5754,476,0.0,0.0,0.0
5755,2714,0.0,0.0,0.0
5756,1110,0.0,0.0,0.0
5760,2300,0.0,0.0,0.0
5762,2045,0.0,0.0,0.0
5767,270,0.0,0.0,0.0
5769,2351,0.0,0.0,0.0
5771,2923,0.0,0.0,0.0
5774,1005,0.0,0.0,0.0
5776,534,0.38685280723454163,1.0,1.0
5780,2917,0.0,0.0,0.0
5784,1775,0.0,0.0,0.0
5785,2853,0.0,0.0,0.0
5788,2914,0.0,0.0,0.0
5789,1545,0.0,0.0,0.0
5791,2116,0.0,0.0,0.0
5803,1653,0.0,0.0,0.0
5804,1385,0.0,0.0,0.0
5807,2798,0.0,0.0,0.0
5809,2212,0.0,0.0,0.0
5811,2056,0.0,0.0,0.0
5813,1125,0.0,0.0,0.0
5817,1297,0.0,0.0,0.0
5821,2785,0.0,0.0,0.0
5825,1723,0.0,0.0,0.0
5828,965,1.0,1.0,1.0
5830,2805,0.0,0.0,0.0
5832,719,0.0,0.0,0.0
5833,2195,0.0,0.0,0.0
5835,2906,0.0,0.0,0.0
5842,1249,0.0,0.0,0.0
5851,1584,0.0,0.0,0.0
5856,2826,0.0,0.0,0.0
5858,2788,0.0,0.0,0.0
5860,1927,0.0,0.0,0.0
5868,219,0.0,0.0,0.0
5869,1602,0.0,0.0,0.0
5870,3085,0.0,0.0,0.0
5873,3255,0.0,0.0,0.0
5874,2429,0.0,0.0,0.0
5875,951,1.0,1.0,1.0
5877,1557,0.0,0.0,0.0
5880,2917,0.0,0.0,0.0
5882,2456,0.0,0.0,0.0
5883,2165,0.0,0.0,0.0
5885,3149,0.0,0.0,0.0
5886,1721,0.0,0.0,0.0
5887,967,0.0,0.0,0.0
5888,1313,0.0,0.0,0.0
5892,2508,0.0,0.0,0.0
5896,2258,0.0,0.0,0.0
5906,1057,0.0,0.0,0.0
5907,333,0.0,0.0,0.0
5908,2216,0.6309297535714575,1.0,1.0
5910,36,0.0,0.0,0.0
5916,1538,0.0,0.0,0.0
5920,1019,0.0,0.0,0.0
5921,982,0.0,0.0,0.0
5922,2596,0.0,0.0,0.0
5924,2343,1.0,1.0,1.0
5926,2967,0.0,0.0,0.0
5928,2551,0.0,0.0,0.0
5934,2091,0.0,0.0,0.0
5940,2711,0.0,0.0,0.0
5945,1550,0.0,0.0,0.0
5952,949,0.0,0.0,0.0
5955,423,0.0,0.0,0.0
5959,2446,0.0,0.0,0.0
5960,2318,0.0,0.0,0.0
5962,1154,0.0,0.0,0.0
5966,2568,0.0,0.0,0.0
5967,2425,0.0,0.0,0.0
5969,685,0.0,0.0,0.0
5971,875,0.0,0.0,0.0
5974,1701,0.0,0.0,0.0
5975,1728,0.0,0.0,0.0
5978,2495,0.0,0.0,0.0
5979,2640,0.0,0.0,0.0
5982,2165,0.0,0.0,0.0
5985,538,0.0,0.0,0.0
5992,975,0.0,0.0,0.0
5993,2261,0.0,0.0,0.0
5994,3217,0.0,0.0,0.0
5997,2507,0.0,0.0,0.0
6000,1165,0.0,0.0,0.0
6002,2431,0.23137821315975915,1.0,1.0
6009,1270,0.0,0.0,0.0
6010,2964,0.0,0.0,0.0
6011,2568,0.0,0.0,0.0
6015,2984,0.0,0.0,0.0
6017,1991,0.0,0.0,0.0
6020,2124,0.0,0.0,0.0
6027,2468,0.0,0.0,0.0
6030,1265,0.0,0.0,0.0
6034,2595,0.0,0.0,0.0
6035,2933,0.0,0.0,0.0
6037,939,0.0,0.0,0.0
