uid,input_tokens,output_tokens,latency_seconds
139,702.0,218.0,3.7530860900878906
153,725.0,242.0,4.165876626968384
219,834.0,232.0,3.6255111694335938
309,775.0,221.0,4.529781818389893
371,736.0,216.0,3.1316049098968506
388,749.0,221.0,3.5147809982299805
399,439.0,218.0,2.989319324493408
407,723.0,248.0,3.7945802211761475
421,763.0,226.0,3.8351492881774902
540,749.0,218.0,3.244738817214966
569,698.0,239.0,3.534534454345703
632,767.0,227.0,3.6025679111480713
681,694.0,232.0,2.9553987979888916
699,590.0,218.0,2.9946115016937256
710,646.0,237.0,3.5942001342773438
728,749.0,211.0,3.070119619369507
736,466.0,221.0,2.8839874267578125
746,518.0,214.0,3.8448803424835205
765,531.0,204.0,2.999624252319336
867,767.0,225.0,3.1760594844818115
869,514.0,213.0,2.8116610050201416
954,744.0,237.0,3.2989957332611084
976,709.0,234.0,4.038690567016602
978,779.0,199.0,3.254878520965576
1017,751.0,233.0,3.1504926681518555
1215,698.0,199.0,2.854218006134033
1246,746.0,238.0,3.4088990688323975
1276,599.0,259.0,3.5057642459869385
1288,617.0,200.0,3.274700403213501
1371,834.0,227.0,4.216327428817749
1372,760.0,220.0,3.097550868988037
1377,770.0,236.0,3.723320960998535
1390,751.0,222.0,3.4236743450164795
1422,463.0,240.0,3.2550883293151855
1694,397.0,199.0,3.0205881595611572
1697,451.0,232.0,3.5602848529815674
1728,781.0,210.0,3.095275402069092
1732,705.0,253.0,3.5354154109954834
1746,667.0,211.0,3.646531105041504
1775,437.0,201.0,2.755021810531616
1823,739.0,228.0,3.679176092147827
1905,766.0,242.0,3.6206252574920654
1907,661.0,197.0,2.600640296936035
1923,660.0,212.0,3.0723724365234375
1962,746.0,229.0,3.207247734069824
1969,750.0,232.0,3.2346291542053223
1993,746.0,251.0,4.425488233566284
2028,654.0,206.0,3.1681861877441406
2041,786.0,247.0,3.4342849254608154
2094,781.0,241.0,3.4032177925109863
2104,632.0,200.0,3.3970234394073486
2136,648.0,206.0,3.3776566982269287
2371,755.0,220.0,3.6513302326202393
2426,664.0,215.0,3.0754735469818115
2462,712.0,233.0,3.313328742980957
2513,453.0,219.0,3.3835318088531494
2574,642.0,198.0,2.7208921909332275
2643,365.0,203.0,2.6001524925231934
2854,766.0,238.0,3.1063194274902344
2886,727.0,228.0,3.2145252227783203
2959,831.0,208.0,2.7991943359375
2977,634.0,217.0,2.7754688262939453
3089,383.0,219.0,3.145062208175659
3102,729.0,209.0,3.0381200313568115
3113,675.0,242.0,3.5403518676757812
3117,557.0,220.0,3.107569694519043
3143,724.0,216.0,3.268951416015625
3166,451.0,209.0,3.0886788368225098
3251,660.0,253.0,4.183866500854492
3278,531.0,227.0,3.788784980773926
3284,537.0,239.0,4.039569854736328
3310,550.0,212.0,3.2742698192596436
3447,731.0,214.0,3.019968032836914
3480,729.0,227.0,2.9269216060638428
3520,617.0,208.0,3.2010746002197266
3527,489.0,203.0,2.9243764877319336
3536,438.0,207.0,3.3219387531280518
3631,744.0,228.0,3.074143648147583
3645,531.0,247.0,3.2896883487701416
3724,369.0,202.0,3.0265445709228516
3783,757.0,216.0,3.0699729919433594
3925,561.0,216.0,3.546327829360962
3964,471.0,189.0,2.57155704498291
3989,567.0,224.0,3.584141492843628
4065,518.0,214.0,3.018458366394043
4091,814.0,272.0,5.023051738739014
4098,705.0,224.0,4.400976896286011
4111,696.0,196.0,2.4431774616241455
4217,681.0,215.0,2.7820987701416016
4257,451.0,200.0,3.0420191287994385
4289,782.0,245.0,3.7315399646759033
4397,588.0,209.0,3.1396496295928955
4485,858.0,223.0,3.681820869445801
4508,797.0,205.0,3.5652389526367188
4571,702.0,225.0,3.283353567123413
4574,484.0,217.0,3.0861542224884033
4646,737.0,216.0,3.0199341773986816
4650,734.0,256.0,3.7116503715515137
4658,776.0,222.0,3.2041378021240234
4699,748.0,263.0,3.840475082397461
4745,434.0,205.0,3.0934603214263916
4747,701.0,216.0,3.705693244934082
4756,598.0,233.0,3.620826005935669
4811,875.0,226.0,4.031973838806152
4900,761.0,232.0,3.282275438308716
4949,792.0,223.0,3.4890003204345703
4963,601.0,200.0,3.383167266845703
5002,661.0,235.0,3.848966360092163
5016,751.0,234.0,3.4941437244415283
5055,671.0,211.0,3.2018320560455322
5058,708.0,211.0,3.3057422637939453
5101,741.0,212.0,3.1496970653533936
5128,726.0,244.0,4.808094263076782
5227,671.0,223.0,3.5917880535125732
5241,746.0,219.0,3.089891195297241
5242,884.0,208.0,3.1299445629119873
5272,503.0,204.0,2.9491684436798096
5306,745.0,232.0,3.594090700149536
5407,522.0,272.0,3.7264184951782227
5486,729.0,222.0,3.813718557357788
5572,459.0,205.0,3.8250465393066406
5673,489.0,208.0,2.878811836242676
5683,709.0,257.0,4.391775846481323
5776,791.0,211.0,3.4661223888397217
5818,564.0,203.0,3.0171940326690674
5819,611.0,196.0,3.476616382598877
5885,717.0,242.0,4.156342506408691
5903,718.0,214.0,3.215135097503662
6029,468.0,206.0,3.2633516788482666
6061,591.0,222.0,3.3246805667877197
6065,755.0,208.0,3.3630990982055664
6186,594.0,204.0,3.008063316345215
6232,414.0,217.0,3.237377882003784
6262,713.0,195.0,3.253558874130249
6319,644.0,225.0,3.1355092525482178
6469,658.0,209.0,3.279954195022583
6481,770.0,248.0,4.055230617523193
6531,660.0,220.0,3.586230754852295
6607,693.0,225.0,3.720900535583496
6778,735.0,206.0,3.6554296016693115
6793,470.0,219.0,3.38464093208313
6828,757.0,251.0,3.6779541969299316
6888,723.0,268.0,3.8773977756500244
6992,812.0,209.0,3.4338369369506836
7076,532.0,217.0,3.048469066619873
7131,792.0,211.0,2.8668711185455322
7190,752.0,217.0,3.2959063053131104
7236,749.0,204.0,3.1864359378814697
7263,756.0,218.0,3.2911581993103027
7366,759.0,206.0,3.1718008518218994
7373,826.0,198.0,2.4739489555358887
7377,786.0,231.0,3.5790834426879883
7433,694.0,211.0,2.775517702102661
7464,649.0,208.0,2.9207751750946045
7483,593.0,246.0,3.5412027835845947
7489,475.0,215.0,3.3045713901519775
7637,446.0,190.0,2.700922966003418
7936,749.0,227.0,3.6976921558380127
8021,579.0,220.0,3.781463384628296
8025,731.0,207.0,2.9406704902648926
8035,573.0,216.0,2.9829678535461426
8050,749.0,217.0,2.9772603511810303
8116,922.0,256.0,4.077090263366699
8119,799.0,236.0,3.6587018966674805
8128,418.0,207.0,3.16823673248291
8279,741.0,202.0,3.4201250076293945
8285,704.0,207.0,3.4710333347320557
8378,418.0,201.0,3.106776714324951
8517,772.0,267.0,4.266114234924316
8545,552.0,209.0,3.3560433387756348
8552,685.0,230.0,4.20214319229126
8589,734.0,225.0,3.2559335231781006
8605,763.0,207.0,3.182511806488037
8617,784.0,205.0,2.9456841945648193
8637,604.0,206.0,3.1329150199890137
8643,835.0,238.0,4.031822919845581
8650,446.0,204.0,3.39559268951416
8667,401.0,243.0,3.792354106903076
8740,722.0,226.0,3.7853572368621826
8835,791.0,256.0,3.9075052738189697
8846,840.0,200.0,3.3867201805114746
8937,406.0,197.0,3.213613510131836
8964,410.0,216.0,3.677887201309204
9052,415.0,213.0,3.569593906402588
9151,379.0,210.0,3.479816436767578
9170,729.0,212.0,2.983546733856201
9198,727.0,230.0,3.3061890602111816
9248,486.0,198.0,2.981874942779541
9428,738.0,211.0,3.0226917266845703
9496,814.0,222.0,3.63626766204834
9680,754.0,186.0,2.7708120346069336
9696,678.0,239.0,4.080129861831665
9732,661.0,189.0,3.5689520835876465
9776,790.0,241.0,4.468088150024414
9819,652.0,244.0,4.866288661956787
9847,772.0,246.0,4.328023195266724
9882,518.0,203.0,3.128535747528076
9883,544.0,232.0,3.6995630264282227
9901,409.0,208.0,3.967754364013672
10017,708.0,239.0,4.148062705993652
10064,548.0,222.0,4.0700600147247314
10073,657.0,247.0,4.107154846191406
10083,775.0,220.0,3.7201120853424072
10162,462.0,243.0,4.300845384597778
10285,783.0,236.0,4.405605792999268
10321,741.0,217.0,3.4132187366485596
10344,792.0,232.0,3.6416494846343994
10451,455.0,213.0,3.7840845584869385
10587,426.0,211.0,3.7614080905914307
10629,739.0,223.0,3.8406565189361572
10704,462.0,213.0,4.064262628555298
10725,711.0,220.0,3.439943552017212
10751,708.0,217.0,3.711463212966919
10879,605.0,267.0,4.920947313308716
11040,789.0,210.0,3.684265375137329
11178,798.0,198.0,3.0824480056762695
11198,595.0,212.0,3.561474561691284
11267,587.0,218.0,4.085452079772949
11290,786.0,216.0,3.2583441734313965
11359,706.0,200.0,3.3203208446502686
11380,409.0,210.0,3.7823774814605713
11393,354.0,207.0,3.6852400302886963
11403,779.0,217.0,3.2151238918304443
11447,685.0,214.0,3.4406681060791016
11480,450.0,223.0,3.5271573066711426
11519,733.0,245.0,4.116084814071655
11540,401.0,221.0,3.3639426231384277
11594,845.0,223.0,3.8774333000183105
11623,626.0,219.0,3.346749782562256
11685,720.0,215.0,3.676427125930786
11721,489.0,194.0,3.347759246826172
11729,800.0,197.0,3.384094476699829
11774,614.0,208.0,3.4989216327667236
11810,440.0,216.0,3.6292479038238525
11823,439.0,203.0,3.1154470443725586
11866,653.0,241.0,3.86527156829834
11889,406.0,212.0,3.1882519721984863
11891,793.0,245.0,4.01945686340332
12010,722.0,200.0,3.703643798828125
12039,799.0,252.0,4.085428237915039
12042,360.0,198.0,2.8030846118927
12065,414.0,230.0,4.073135852813721
12071,418.0,223.0,3.6680619716644287
12185,840.0,203.0,3.331134796142578
12195,422.0,223.0,3.6821773052215576
12230,556.0,192.0,3.268186330795288
12295,704.0,200.0,2.8957455158233643
12345,711.0,237.0,4.161194324493408
12367,566.0,202.0,3.1873886585235596
12399,717.0,201.0,3.829509973526001
12416,643.0,213.0,2.948045253753662
12439,640.0,193.0,2.7523152828216553
12458,744.0,200.0,3.098459243774414
12459,685.0,209.0,3.3693289756774902
12475,778.0,235.0,3.624830484390259
12482,771.0,237.0,4.390161991119385
12519,547.0,221.0,3.945302963256836
12589,375.0,220.0,3.5160725116729736
12591,750.0,206.0,3.3423759937286377
12792,386.0,206.0,3.407747983932495
12888,685.0,245.0,3.5322301387786865
12933,741.0,234.0,3.637185573577881
12938,577.0,220.0,3.5364558696746826
13037,457.0,233.0,3.5154991149902344
13038,420.0,212.0,3.0451009273529053
13200,600.0,216.0,3.508420467376709
13202,880.0,202.0,3.4273719787597656
13266,594.0,201.0,3.566711902618408
13292,562.0,220.0,3.590825319290161
13312,742.0,262.0,4.434830904006958
13317,491.0,221.0,4.0220184326171875
13443,484.0,209.0,3.3144352436065674
13484,447.0,221.0,3.8058664798736572
13492,842.0,253.0,4.439641714096069
13494,382.0,210.0,3.611252784729004
13608,705.0,221.0,3.8993210792541504
13626,414.0,220.0,3.5567779541015625
13691,577.0,259.0,4.579664707183838
13728,721.0,231.0,3.6703195571899414
13848,797.0,234.0,4.1915881633758545
13929,716.0,243.0,4.070039749145508
13943,715.0,239.0,4.2813122272491455
13949,517.0,225.0,3.9038894176483154
14218,824.0,227.0,3.997164726257324
14246,409.0,231.0,4.1891467571258545
14332,761.0,220.0,3.8522040843963623
14370,426.0,209.0,3.0720114707946777
14381,378.0,215.0,2.910029649734497
14400,698.0,242.0,3.3193459510803223
14428,510.0,206.0,3.0805225372314453
14467,598.0,228.0,3.99196720123291
14497,444.0,217.0,3.154629707336426
14511,658.0,207.0,3.6828672885894775
14671,475.0,207.0,3.2955052852630615
14768,729.0,249.0,4.371322870254517
14770,758.0,264.0,4.211743116378784
14774,498.0,219.0,3.1682677268981934
14782,439.0,210.0,3.324690341949463
14818,657.0,210.0,3.7789080142974854
14829,760.0,204.0,4.056559324264526
14864,754.0,217.0,3.349924325942993
14891,708.0,247.0,3.8037145137786865
14993,685.0,231.0,4.218113422393799
15097,783.0,248.0,4.106459379196167
15098,664.0,228.0,3.7334375381469727
15196,457.0,202.0,3.373140573501587
15225,797.0,256.0,4.04220175743103
15232,465.0,204.0,2.9472062587738037
15242,469.0,197.0,3.7282168865203857
15244,783.0,239.0,3.602888345718384
15273,830.0,220.0,4.683290481567383
15339,656.0,221.0,3.3331456184387207
15357,848.0,209.0,3.232835054397583
15464,847.0,222.0,3.4613046646118164
15614,749.0,210.0,3.7003414630889893
15626,549.0,258.0,4.06067419052124
15644,427.0,215.0,3.6254801750183105
15655,762.0,208.0,3.1655468940734863
15666,775.0,250.0,4.1129772663116455
15733,333.0,214.0,3.1653168201446533
15906,789.0,215.0,3.167729377746582
15931,539.0,209.0,3.770038366317749
15978,675.0,222.0,3.4127423763275146
16016,754.0,199.0,3.444533348083496
16180,722.0,211.0,3.3269381523132324
16198,379.0,208.0,3.738649845123291
16256,546.0,208.0,3.2724204063415527
16260,775.0,218.0,3.8962650299072266
16270,699.0,212.0,3.6802003383636475
16375,778.0,209.0,3.6193761825561523
16419,709.0,223.0,3.9265291690826416
16420,815.0,230.0,4.100862264633179
16432,678.0,235.0,3.5519649982452393
16515,420.0,209.0,3.442559242248535
16531,725.0,216.0,4.051323175430298
16611,790.0,217.0,3.4715070724487305
16649,634.0,217.0,3.3912909030914307
16748,430.0,224.0,4.0681679248809814
16777,687.0,232.0,4.093708515167236
16809,787.0,201.0,3.2275216579437256
16871,432.0,201.0,3.540944814682007
16978,651.0,214.0,3.641839027404785
17009,752.0,226.0,3.4993958473205566
17119,435.0,207.0,3.3671555519104004
17134,773.0,224.0,3.5881247520446777
17196,478.0,206.0,3.493502140045166
17254,511.0,199.0,3.5111405849456787
17314,802.0,230.0,3.767064094543457
17465,680.0,221.0,3.492810010910034
17567,691.0,221.0,3.7078473567962646
17610,851.0,222.0,5.703652858734131
17653,740.0,205.0,3.622610330581665
17657,741.0,260.0,4.473219633102417
17684,582.0,201.0,3.0451271533966064
17698,817.0,222.0,4.239324331283569
17723,394.0,232.0,3.7739970684051514
17779,709.0,217.0,3.1779778003692627
17790,643.0,238.0,3.5125837326049805
17806,464.0,228.0,3.777653217315674
17921,669.0,200.0,3.1897709369659424
17956,429.0,215.0,3.5192630290985107
18008,423.0,212.0,3.157170057296753
18015,662.0,211.0,3.607100486755371
18021,766.0,201.0,3.2386045455932617
18045,810.0,241.0,4.560455322265625
18091,409.0,230.0,3.4534804821014404
18131,694.0,221.0,3.334312915802002
18238,818.0,228.0,3.7775461673736572
18286,704.0,217.0,3.5228335857391357
18359,762.0,216.0,3.442040205001831
18381,557.0,224.0,4.130202770233154
18486,492.0,205.0,3.7182772159576416
18534,699.0,230.0,4.106330871582031
18563,724.0,209.0,3.2567832469940186
18744,375.0,171.0,3.0217974185943604
18788,792.0,227.0,3.498687744140625
18838,688.0,215.0,3.779212474822998
18855,749.0,231.0,3.8002002239227295
18894,630.0,252.0,4.10634183883667
18901,500.0,218.0,3.8523635864257812
18917,751.0,234.0,3.7467527389526367
19013,599.0,211.0,3.365125894546509
19233,448.0,221.0,3.555028200149536
19327,702.0,241.0,3.9091579914093018
19372,780.0,204.0,2.9543824195861816
19383,522.0,208.0,3.4990720748901367
19409,799.0,216.0,3.378326892852783
19435,692.0,207.0,3.407764196395874
19469,767.0,243.0,4.757274627685547
19501,657.0,236.0,3.512026309967041
19509,667.0,232.0,3.7150022983551025
19624,697.0,240.0,3.735100507736206
19755,699.0,216.0,3.3598318099975586
19762,452.0,217.0,3.6371219158172607
19786,529.0,203.0,3.325441837310791
19802,445.0,238.0,3.939289093017578
19810,754.0,207.0,3.520993709564209
19826,461.0,210.0,3.8124449253082275
19828,673.0,203.0,2.8761608600616455
19943,732.0,196.0,3.4514076709747314
19966,688.0,211.0,3.671281099319458
19995,431.0,254.0,4.178158760070801
20013,723.0,227.0,3.650200366973877
20064,705.0,229.0,3.340660810470581
20067,471.0,213.0,3.3736860752105713
20084,661.0,235.0,3.6294057369232178
20126,802.0,210.0,4.177496910095215
20188,519.0,246.0,4.3452513217926025
20232,546.0,237.0,3.677732229232788
20258,494.0,211.0,3.4940669536590576
20278,798.0,232.0,3.5334811210632324
20280,680.0,216.0,4.002737045288086
20362,406.0,213.0,3.497614622116089
20382,775.0,203.0,3.4689998626708984
20506,490.0,201.0,3.2932114601135254
20538,750.0,226.0,3.8760428428649902
20606,689.0,264.0,4.604234457015991
20607,720.0,197.0,3.162250280380249
20726,785.0,205.0,3.3836896419525146
20751,503.0,216.0,3.7967348098754883
20915,712.0,203.0,3.1313724517822266
20926,507.0,208.0,3.049053907394409
20991,762.0,200.0,3.0102906227111816
21129,516.0,222.0,4.195291757583618
21204,765.0,212.0,4.395249366760254
21247,799.0,216.0,3.8005173206329346
21406,759.0,229.0,3.600149631500244
21449,714.0,199.0,3.233896017074585
21460,559.0,233.0,3.4874765872955322
21495,723.0,264.0,4.650590658187866
21523,781.0,208.0,3.1363778114318848
21545,786.0,233.0,3.4535329341888428
21552,347.0,199.0,2.7488853931427
21585,697.0,208.0,3.172545909881592
21640,689.0,230.0,3.965200185775757
21683,503.0,213.0,4.056541442871094
21748,700.0,231.0,4.4102466106414795
21795,856.0,221.0,4.326991081237793
21833,785.0,224.0,3.4627370834350586
21882,802.0,237.0,3.906043767929077
21940,565.0,229.0,3.482257843017578
21982,707.0,221.0,3.845327854156494
22021,719.0,205.0,3.6266286373138428
22056,666.0,214.0,3.223618745803833
22080,796.0,236.0,3.759087324142456
22125,577.0,238.0,4.149604558944702
22159,777.0,210.0,3.8540687561035156
22189,549.0,215.0,4.279219388961792
22262,806.0,206.0,3.6398816108703613
22325,500.0,216.0,3.3214340209960938
22342,733.0,236.0,3.5439910888671875
22424,701.0,219.0,3.444230079650879
22555,597.0,219.0,4.542234897613525
22559,736.0,218.0,3.376115083694458
22582,710.0,208.0,3.481693744659424
22585,482.0,245.0,3.623162269592285
22626,362.0,209.0,3.5001323223114014
22641,423.0,243.0,4.276917934417725
22676,532.0,250.0,4.324220180511475
22805,500.0,232.0,3.868419647216797
22861,586.0,230.0,4.245887517929077
22912,664.0,248.0,3.9297990798950195
22931,443.0,202.0,3.6961350440979004
22994,758.0,206.0,3.683089256286621
23009,413.0,221.0,3.990861415863037
23195,415.0,205.0,3.7160260677337646
23205,394.0,235.0,3.277344226837158
23311,753.0,270.0,4.237051486968994
23473,772.0,231.0,3.80547833442688
23515,806.0,219.0,3.577678918838501
23574,500.0,235.0,3.8024044036865234
23593,509.0,236.0,3.9333202838897705
23681,458.0,218.0,3.775787353515625
23690,743.0,208.0,4.153712749481201
23771,781.0,216.0,3.444509267807007
23831,760.0,204.0,3.11080265045166
23886,385.0,238.0,3.6435964107513428
23947,432.0,201.0,3.2239127159118652
23966,703.0,205.0,3.7595348358154297
23974,799.0,235.0,3.8786425590515137
24069,712.0,231.0,3.390270709991455
24082,748.0,246.0,4.6206748485565186
24284,753.0,228.0,3.8666329383850098
24330,423.0,203.0,3.3557119369506836
24338,572.0,211.0,3.8045501708984375
24398,446.0,208.0,3.2618486881256104
24449,676.0,241.0,4.113603115081787
24512,612.0,208.0,3.2969913482666016
24610,432.0,191.0,2.701995372772217
24618,414.0,202.0,3.200023889541626
24625,734.0,223.0,4.110568046569824
24634,514.0,207.0,3.301220417022705
24635,370.0,207.0,3.387066602706909
24761,512.0,204.0,3.131344795227051
24775,783.0,245.0,4.111574172973633
24820,688.0,235.0,3.5630483627319336
24901,797.0,208.0,3.7415971755981445
24931,720.0,214.0,3.568114757537842
24949,686.0,232.0,3.7856457233428955
25145,809.0,195.0,3.055654525756836
25228,654.0,219.0,3.2698638439178467
25293,919.0,234.0,4.472986698150635
25335,740.0,215.0,3.732856273651123
25339,386.0,225.0,3.2599785327911377
25367,701.0,234.0,4.341723203659058
25428,820.0,204.0,3.861523151397705
25612,638.0,215.0,3.8549129962921143
25613,564.0,221.0,3.9656753540039062
25632,734.0,214.0,3.810903787612915
25728,631.0,227.0,3.9656262397766113
25735,574.0,214.0,3.6700658798217773
25779,449.0,221.0,3.457796335220337
25826,449.0,202.0,2.929206371307373
25842,681.0,211.0,3.5716984272003174
25858,765.0,240.0,3.686919689178467
25885,396.0,226.0,3.6333909034729004
25897,835.0,233.0,3.5268619060516357
25951,431.0,197.0,3.000235080718994
25956,789.0,250.0,4.5265467166900635
26056,659.0,216.0,4.1035730838775635
26063,718.0,209.0,3.120356559753418
26088,763.0,209.0,3.332274913787842
26129,385.0,242.0,4.4023683071136475
26148,422.0,197.0,3.2652230262756348
26190,806.0,216.0,3.4867799282073975
26226,411.0,208.0,3.5148165225982666
26244,512.0,206.0,3.5279994010925293
26353,640.0,241.0,3.6207518577575684
26401,834.0,207.0,3.3582818508148193
26434,722.0,202.0,2.965670347213745
26474,471.0,200.0,3.4673283100128174
26558,621.0,266.0,4.516480207443237
26568,804.0,254.0,3.8169877529144287
26609,720.0,192.0,2.959343671798706
26623,672.0,218.0,3.4359867572784424
26694,694.0,270.0,4.486598253250122
26722,510.0,195.0,3.290802478790283
26749,618.0,233.0,4.144479274749756
26750,780.0,218.0,3.7732889652252197
26751,558.0,202.0,3.3768036365509033
26768,461.0,225.0,3.913022518157959
26834,392.0,212.0,3.650785446166992
26852,794.0,225.0,3.42571759223938
26883,525.0,210.0,3.39035701751709
26893,780.0,217.0,3.3221213817596436
26945,722.0,207.0,3.2007081508636475
27029,696.0,236.0,3.8777737617492676
27057,640.0,244.0,3.873868465423584
27088,497.0,206.0,3.063263177871704
27103,774.0,210.0,3.397387981414795
27121,709.0,248.0,4.041243076324463
27152,900.0,250.0,4.479671955108643
27167,627.0,211.0,3.327322483062744
27184,816.0,206.0,3.8242461681365967
27209,744.0,217.0,4.223429441452026
27300,689.0,234.0,4.100294589996338
27306,399.0,206.0,3.5421531200408936
27309,758.0,258.0,4.435392141342163
27339,391.0,195.0,3.1035938262939453
27625,807.0,225.0,3.220893621444702
27637,405.0,211.0,3.680516242980957
27654,655.0,239.0,3.9818108081817627
27703,707.0,202.0,3.3444747924804688
27725,715.0,248.0,3.80486798286438
27739,814.0,226.0,3.4771921634674072
27743,763.0,212.0,5.288731813430786
27748,527.0,206.0,3.5759634971618652
27750,444.0,228.0,4.054151773452759
27751,443.0,224.0,3.8581581115722656
27757,687.0,201.0,3.010554313659668
27758,824.0,212.0,3.3929195404052734
27803,709.0,226.0,3.423999071121216
27821,504.0,204.0,3.600461483001709
27918,413.0,231.0,3.6335620880126953
27950,578.0,206.0,4.603766441345215
27961,780.0,212.0,3.5149145126342773
27962,777.0,240.0,4.02998161315918
27992,730.0,230.0,3.3856453895568848
28035,677.0,236.0,3.865920305252075
28038,515.0,197.0,3.572455644607544
28049,412.0,223.0,3.5345401763916016
28139,478.0,224.0,3.9310476779937744
28173,448.0,211.0,3.3997929096221924
28228,490.0,217.0,4.1517462730407715
28261,369.0,212.0,3.495459794998169
28269,487.0,239.0,3.7996931076049805
28326,342.0,199.0,3.7109317779541016
28455,669.0,213.0,3.4950361251831055
28528,698.0,215.0,4.10525918006897
28606,707.0,222.0,4.098001956939697
28714,663.0,203.0,3.9267899990081787
28760,829.0,216.0,4.085219860076904
28843,691.0,228.0,4.402289628982544
28867,729.0,222.0,3.8153817653656006
28880,397.0,212.0,4.207238674163818
29120,439.0,222.0,3.808647632598877
29174,404.0,231.0,3.995659589767456
29191,683.0,237.0,4.4109368324279785
29217,517.0,206.0,3.6734845638275146
29238,450.0,230.0,3.851484537124634
29253,473.0,209.0,3.8038063049316406
29276,513.0,226.0,4.3493547439575195
29294,485.0,218.0,3.8329553604125977
29416,749.0,247.0,4.225698471069336
29426,800.0,223.0,3.689664602279663
29436,658.0,232.0,4.252992153167725
29462,713.0,230.0,4.872537136077881
29476,693.0,197.0,3.379561424255371
29537,667.0,233.0,4.035367250442505
29630,443.0,205.0,3.586961507797241
29683,439.0,233.0,3.8077096939086914
29707,469.0,207.0,4.295875072479248
29791,701.0,221.0,4.070204734802246
29808,664.0,219.0,3.5566844940185547
29839,593.0,201.0,3.584357261657715
29851,373.0,200.0,3.823862075805664
29908,835.0,224.0,3.9863576889038086
29974,742.0,201.0,4.391331434249878
30046,689.0,218.0,3.5910322666168213
30053,732.0,222.0,3.438192129135132
30086,725.0,218.0,3.74127459526062
30094,527.0,198.0,3.212958812713623
30154,455.0,208.0,3.196237325668335
30237,540.0,221.0,4.336603403091431
30281,670.0,257.0,4.257398843765259
30322,514.0,203.0,3.5319435596466064
30522,414.0,218.0,3.5168817043304443
30557,728.0,196.0,3.455181121826172
30642,377.0,208.0,3.4615461826324463
30760,723.0,205.0,3.2879528999328613
30797,459.0,199.0,3.3090646266937256
30814,646.0,217.0,3.4765565395355225
30824,671.0,217.0,3.3984553813934326
30839,518.0,212.0,3.8730709552764893
30841,475.0,214.0,3.2897849082946777
30947,744.0,208.0,3.7042901515960693
30970,675.0,226.0,4.172850608825684
30971,464.0,207.0,3.6179165840148926
31094,596.0,205.0,4.104614973068237
31104,768.0,207.0,3.587693691253662
31134,684.0,247.0,4.155543327331543
31161,504.0,213.0,4.387649297714233
31178,497.0,229.0,4.130324602127075
31199,632.0,224.0,3.1754839420318604
31345,753.0,223.0,4.072485446929932
31430,721.0,246.0,4.348706960678101
31435,487.0,220.0,3.5184175968170166
31436,652.0,229.0,3.76371431350708
31485,374.0,209.0,3.3251163959503174
31536,644.0,225.0,4.3233397006988525
31576,588.0,238.0,4.299467325210571
31587,625.0,210.0,3.4201102256774902
31625,703.0,222.0,3.9297471046447754
31707,423.0,219.0,3.9754555225372314
31801,438.0,208.0,3.3614614009857178
31878,753.0,210.0,3.320660352706909
31928,608.0,204.0,3.3968546390533447
32003,765.0,237.0,4.145009756088257
32023,750.0,215.0,3.628042697906494
32052,439.0,219.0,3.90976881980896
32147,763.0,218.0,3.5731546878814697
32399,701.0,223.0,3.793449640274048
32477,730.0,210.0,3.832667827606201
32482,670.0,205.0,3.6919238567352295
32568,640.0,253.0,4.386498689651489
32581,385.0,196.0,3.4955368041992188
32590,585.0,198.0,3.88132905960083
32632,748.0,207.0,3.4790871143341064
32637,708.0,256.0,4.307628631591797
32642,668.0,207.0,3.2075915336608887
32680,395.0,204.0,3.085380792617798
32843,728.0,211.0,3.915310859680176
32918,735.0,251.0,4.013401031494141
32980,396.0,226.0,3.517357110977173
33068,593.0,203.0,2.7890400886535645
33097,454.0,223.0,4.339176893234253
33121,673.0,210.0,3.6834065914154053
33137,427.0,231.0,4.05854344367981
33167,749.0,231.0,4.329690456390381
33259,474.0,217.0,4.272168874740601
33278,777.0,207.0,3.58422589302063
33294,697.0,219.0,3.849480628967285
33448,745.0,245.0,4.85466742515564
33475,847.0,218.0,3.6459860801696777
33480,705.0,203.0,3.4417660236358643
33517,830.0,226.0,4.305309534072876
33601,708.0,218.0,4.478408336639404
33634,594.0,216.0,3.7256131172180176
33641,426.0,223.0,4.0779643058776855
33650,648.0,206.0,3.17968487739563
33675,427.0,220.0,3.5089542865753174
33730,497.0,249.0,4.8748109340667725
33781,707.0,211.0,3.73222017288208
33808,555.0,221.0,4.311755180358887
33840,421.0,200.0,3.535291910171509
33843,740.0,206.0,3.816396951675415
33845,732.0,208.0,3.57814884185791
33924,378.0,230.0,4.191721200942993
33940,643.0,236.0,4.264490365982056
33942,666.0,211.0,4.25205135345459
33995,453.0,206.0,3.948223114013672
34009,544.0,213.0,3.679276466369629
34011,687.0,229.0,4.280424118041992
34051,473.0,198.0,3.2689976692199707
34067,610.0,221.0,3.9073219299316406
34104,459.0,211.0,3.196909189224243
34141,684.0,249.0,4.372865915298462
34232,701.0,230.0,4.827034950256348
34259,361.0,234.0,4.024507522583008
34270,783.0,229.0,3.677546739578247
34278,744.0,245.0,4.42220139503479
34397,537.0,217.0,3.7833869457244873
34417,820.0,207.0,3.8549795150756836
34555,592.0,215.0,4.132923603057861
34612,768.0,252.0,4.05563759803772
34619,715.0,209.0,3.4291820526123047
34647,418.0,218.0,3.9064574241638184
34655,679.0,249.0,4.229529619216919
34728,448.0,199.0,3.0387866497039795
34801,847.0,205.0,3.2667601108551025
34815,741.0,220.0,3.7977137565612793
35139,711.0,229.0,4.334492921829224
35215,658.0,227.0,3.2332775592803955
35239,437.0,222.0,3.8862249851226807
35276,455.0,217.0,3.5755162239074707
35300,511.0,250.0,4.205380916595459
35311,502.0,210.0,3.5758578777313232
35346,399.0,222.0,4.0185546875
35363,462.0,209.0,3.305657148361206
35471,726.0,212.0,4.179655313491821
35482,502.0,198.0,2.995631456375122
35488,412.0,190.0,2.9190502166748047
35516,423.0,222.0,3.8574976921081543
35520,803.0,217.0,3.8236429691314697
35533,561.0,216.0,3.7823004722595215
35574,618.0,197.0,3.085007905960083
35630,633.0,213.0,3.646003246307373
35672,725.0,207.0,4.0401623249053955
35687,768.0,230.0,3.966968059539795
35804,481.0,206.0,3.9605019092559814
35833,668.0,242.0,4.2444071769714355
35849,866.0,228.0,3.5414814949035645
35952,814.0,208.0,4.499078989028931
36039,391.0,208.0,3.7000818252563477
36101,619.0,204.0,3.1978073120117188
36109,453.0,192.0,4.2967529296875
36153,481.0,230.0,4.163890600204468
36172,474.0,205.0,3.646834135055542
36206,412.0,222.0,3.7528276443481445
36341,700.0,220.0,3.6196582317352295
36345,672.0,227.0,4.409544229507446
36351,713.0,214.0,3.4293978214263916
36411,503.0,212.0,3.646247386932373
36461,696.0,207.0,3.370239496231079
36464,594.0,214.0,3.561414957046509
36623,457.0,189.0,3.372922658920288
36678,775.0,226.0,3.8017852306365967
36703,495.0,218.0,3.7915172576904297
36724,651.0,218.0,2.7987897396087646
36807,457.0,199.0,3.109074354171753
36833,508.0,202.0,3.411391258239746
36851,471.0,215.0,3.7114222049713135
36996,798.0,228.0,3.5339019298553467
37128,418.0,213.0,3.7501027584075928
37163,399.0,194.0,3.106839656829834
37240,836.0,215.0,3.712435722351074
37316,710.0,216.0,3.5123212337493896
37322,361.0,197.0,3.4984426498413086
37437,759.0,223.0,3.994931936264038
37462,459.0,206.0,5.164688587188721
37466,592.0,201.0,3.7251853942871094
37546,419.0,207.0,3.6891961097717285
37553,674.0,224.0,3.7263875007629395
37584,724.0,209.0,4.2827253341674805
37842,756.0,225.0,4.068754196166992
37918,618.0,248.0,3.998426914215088
37947,637.0,239.0,3.7538769245147705
38065,392.0,211.0,2.998365640640259
38067,400.0,232.0,3.7566304206848145
38116,721.0,231.0,3.750568389892578
38124,487.0,210.0,3.3273768424987793
38158,654.0,209.0,3.4986915588378906
38199,813.0,240.0,3.7812631130218506
38236,751.0,243.0,4.049698114395142
38302,456.0,238.0,3.9142751693725586
38464,529.0,224.0,4.589068174362183
38525,410.0,230.0,3.530569553375244
38580,778.0,253.0,4.249322414398193
38608,494.0,221.0,3.75553035736084
38683,758.0,223.0,3.7885990142822266
38796,701.0,210.0,3.5249898433685303
38847,440.0,216.0,4.822369337081909
38860,541.0,216.0,3.34771728515625
38882,823.0,213.0,4.147284507751465
38946,619.0,221.0,3.7833616733551025
39000,496.0,213.0,3.464324712753296
39003,786.0,207.0,3.378053903579712
39053,811.0,238.0,3.5905954837799072
39126,351.0,235.0,3.5507373809814453
39180,544.0,211.0,3.639270544052124
39187,512.0,224.0,4.514814376831055
39211,751.0,236.0,3.985978603363037
39270,438.0,212.0,3.2657570838928223
39301,767.0,206.0,3.598989248275757
39324,521.0,225.0,3.5351316928863525
39340,678.0,224.0,4.223410367965698
39357,664.0,248.0,4.225764989852905
39406,495.0,219.0,3.959986686706543
39432,611.0,236.0,4.080791711807251
39435,473.0,228.0,3.7012414932250977
39446,842.0,218.0,3.8552498817443848
39697,611.0,195.0,3.1160876750946045
39763,634.0,204.0,3.4285128116607666
39816,709.0,234.0,3.9471375942230225
39821,477.0,213.0,3.8599345684051514
39830,611.0,234.0,4.604735612869263
39899,699.0,207.0,2.997406244277954
40027,549.0,222.0,3.9403584003448486
40039,398.0,224.0,3.657874584197998
40084,745.0,215.0,3.4861063957214355
40106,617.0,215.0,3.6075963973999023
40175,485.0,211.0,3.677057981491089
40181,716.0,226.0,3.094205379486084
40296,806.0,221.0,3.6822738647460938
40322,741.0,206.0,3.150475025177002
40333,783.0,219.0,3.175454616546631
40404,821.0,200.0,2.6009421348571777
40485,451.0,216.0,3.5442962646484375
40516,728.0,206.0,3.364039421081543
40536,553.0,222.0,3.3505232334136963
40551,476.0,217.0,4.218995809555054
40605,656.0,201.0,3.2992231845855713
40639,709.0,228.0,3.7885372638702393
40655,468.0,195.0,3.201364517211914
40723,416.0,218.0,3.957486867904663
40730,452.0,238.0,4.1480629444122314
40818,464.0,245.0,4.979902505874634
40893,761.0,241.0,4.987468481063843
40976,396.0,201.0,3.6677610874176025
41002,593.0,213.0,3.674138307571411
41033,423.0,206.0,3.532146453857422
41041,441.0,235.0,4.210991144180298
41053,773.0,197.0,3.7452046871185303
41124,695.0,223.0,3.4637107849121094
41160,415.0,211.0,3.3133630752563477
41192,627.0,205.0,3.326772928237915
41195,705.0,250.0,4.004467010498047
41216,780.0,248.0,4.184442520141602
41296,456.0,201.0,3.3108251094818115
41308,396.0,204.0,3.3184316158294678
41310,771.0,239.0,3.9239096641540527
41318,720.0,225.0,3.8593597412109375
41363,795.0,223.0,4.28596043586731
41389,460.0,233.0,4.418317556381226
41405,398.0,248.0,3.9998083114624023
41433,409.0,220.0,4.2960450649261475
41477,462.0,228.0,4.384178876876831
41493,684.0,236.0,3.7964959144592285
41498,457.0,235.0,4.612593650817871
41574,577.0,229.0,3.793731451034546
41630,498.0,213.0,3.4428815841674805
41639,742.0,226.0,3.6334073543548584
41651,463.0,208.0,3.881075382232666
41742,487.0,202.0,3.108760356903076
41798,434.0,221.0,3.662426233291626
41992,412.0,227.0,3.651808738708496
42073,691.0,220.0,3.4588210582733154
42175,488.0,227.0,4.516495704650879
42193,425.0,214.0,4.392693281173706
42275,750.0,217.0,3.9091501235961914
42280,679.0,214.0,3.209449052810669
42290,747.0,227.0,3.9644241333007812
42308,384.0,207.0,3.556281328201294
42613,666.0,237.0,4.731153964996338
42661,730.0,226.0,4.284805059432983
42671,721.0,268.0,6.441552639007568
42738,715.0,206.0,3.797267198562622
42801,354.0,201.0,3.258881092071533
42823,716.0,233.0,3.991589069366455
42830,559.0,209.0,3.2330105304718018
42923,448.0,218.0,3.386176347732544
42933,478.0,211.0,3.912252426147461
43068,760.0,232.0,4.811271905899048
43093,765.0,211.0,3.87253475189209
43108,415.0,202.0,3.6653025150299072
43124,632.0,210.0,3.6350064277648926
43309,727.0,219.0,3.343285322189331
43320,835.0,232.0,4.417718410491943
43413,545.0,218.0,3.2644245624542236
43468,712.0,262.0,4.495147943496704
43487,441.0,211.0,3.842155694961548
43519,420.0,227.0,4.2048258781433105
43555,431.0,223.0,3.6161742210388184
43578,447.0,229.0,3.508599281311035
43590,766.0,213.0,3.544607162475586
43765,559.0,237.0,3.92099666595459
43822,700.0,215.0,3.449899911880493
43841,711.0,238.0,3.604902505874634
43874,750.0,237.0,3.8083090782165527
43918,692.0,199.0,3.4780564308166504
43971,656.0,204.0,2.79976487159729
43976,360.0,191.0,2.9463202953338623
44032,722.0,232.0,3.783177137374878
44056,519.0,212.0,4.408615827560425
44092,390.0,237.0,4.267081022262573
44102,415.0,228.0,4.138116121292114
44135,707.0,258.0,3.9511141777038574
44204,761.0,214.0,3.9390859603881836
44219,520.0,260.0,5.387358665466309
44220,540.0,206.0,3.6752607822418213
44235,773.0,236.0,3.66864013671875
44278,814.0,204.0,3.0622429847717285
44337,599.0,226.0,3.2281060218811035
44342,762.0,241.0,3.376345634460449
44388,742.0,203.0,4.773590326309204
44412,702.0,244.0,3.399566411972046
44476,676.0,207.0,3.25207257270813
44480,679.0,250.0,3.2513954639434814
44519,771.0,209.0,2.9680521488189697
44534,343.0,192.0,2.652268648147583
44568,748.0,219.0,4.277370452880859
44645,415.0,205.0,3.0806522369384766
44647,411.0,238.0,3.9928433895111084
44705,591.0,204.0,3.1143839359283447
44760,746.0,231.0,2.910114288330078
44776,438.0,231.0,3.7758634090423584
44785,553.0,218.0,3.0332329273223877
45001,485.0,201.0,3.3926405906677246
45016,416.0,202.0,3.806955337524414
45043,360.0,211.0,3.2635304927825928
45070,528.0,220.0,3.7579948902130127
45276,578.0,213.0,3.395205020904541
45371,804.0,257.0,3.3385391235351562
45389,773.0,243.0,3.5553388595581055
45421,776.0,248.0,4.735804796218872
45455,523.0,201.0,2.923391819000244
45463,928.0,260.0,3.9097952842712402
45467,402.0,204.0,2.8167054653167725
45492,570.0,209.0,3.0420193672180176
45517,429.0,201.0,2.661693811416626
45617,469.0,242.0,3.7836897373199463
45770,614.0,202.0,3.085803270339966
45861,506.0,209.0,3.137770652770996
45948,475.0,204.0,3.061514377593994
45988,674.0,216.0,3.240562915802002
46003,703.0,223.0,3.3976023197174072
46073,430.0,223.0,3.271383047103882
46077,335.0,241.0,3.69402813911438
46135,729.0,233.0,3.3419229984283447
46190,381.0,213.0,3.2164535522460938
46221,657.0,250.0,4.40773344039917
46230,560.0,230.0,3.5155978202819824
46260,538.0,227.0,3.0843164920806885
46299,421.0,222.0,3.063453197479248
46439,409.0,229.0,4.106515169143677
46625,428.0,221.0,3.2460052967071533
46640,709.0,210.0,2.897754430770874
46665,652.0,196.0,3.239765167236328
46775,457.0,195.0,3.022348403930664
46784,427.0,224.0,3.1127307415008545
46822,569.0,240.0,3.244935989379883
46839,777.0,228.0,4.207390308380127
46942,377.0,197.0,2.6401455402374268
46955,719.0,219.0,3.137228012084961
46958,647.0,224.0,3.5366744995117188
47005,425.0,231.0,3.5486338138580322
47089,582.0,241.0,3.350188732147217
47128,371.0,228.0,3.3002185821533203
47175,397.0,207.0,3.197887659072876
47251,832.0,220.0,2.895639181137085
47299,708.0,239.0,3.1987955570220947
47371,776.0,230.0,3.11810040473938
47479,861.0,242.0,3.7716684341430664
47480,523.0,221.0,3.003274440765381
47484,409.0,196.0,2.988342046737671
47588,412.0,200.0,3.1433517932891846
47592,738.0,227.0,3.266958236694336
47735,392.0,200.0,3.035026788711548
47801,694.0,229.0,3.2806196212768555
47818,499.0,222.0,3.5513710975646973
47829,614.0,208.0,3.405503749847412
47845,808.0,218.0,3.046311855316162
47877,464.0,201.0,2.6627182960510254
47881,754.0,290.0,4.117180585861206
47930,778.0,235.0,3.6099255084991455
48029,798.0,219.0,2.9871296882629395
48144,731.0,212.0,2.685115098953247
48225,424.0,208.0,2.8743672370910645
48280,437.0,201.0,2.631939172744751
48350,650.0,207.0,2.9971821308135986
48373,831.0,265.0,3.8592236042022705
48587,411.0,247.0,3.29371976852417
48596,923.0,231.0,3.7452516555786133
48654,432.0,206.0,3.2629168033599854
48708,830.0,222.0,3.5062410831451416
48724,514.0,224.0,2.9309608936309814
48805,681.0,233.0,3.524886131286621
48818,737.0,216.0,3.0716185569763184
48846,505.0,244.0,3.4380714893341064
48858,621.0,194.0,2.8062753677368164
48940,439.0,221.0,3.3281610012054443
49065,703.0,210.0,2.7459497451782227
49087,777.0,198.0,2.5610318183898926
49117,766.0,205.0,3.0091891288757324
49122,597.0,215.0,3.22373628616333
49135,505.0,216.0,2.8940203189849854
49141,739.0,224.0,3.5479860305786133
49165,447.0,228.0,3.4951751232147217
49183,468.0,216.0,3.1119556427001953
49228,528.0,237.0,3.199065923690796
49263,818.0,219.0,3.7814841270446777
49343,737.0,250.0,3.87506103515625
49380,716.0,219.0,3.0222179889678955
49443,700.0,217.0,2.969236135482788
49474,762.0,223.0,2.9406862258911133
49478,757.0,197.0,2.9589157104492188
49516,757.0,240.0,3.236208438873291
49543,601.0,203.0,2.7086901664733887
49851,647.0,234.0,3.1113038063049316
49894,743.0,264.0,3.7701995372772217
49898,745.0,253.0,3.8042054176330566
49899,390.0,222.0,3.214350700378418
49920,355.0,215.0,3.074801206588745
49966,767.0,221.0,3.144308090209961
50154,434.0,198.0,2.839346170425415
50316,746.0,202.0,3.210263252258301
50482,403.0,199.0,3.079878330230713
50555,535.0,241.0,3.8479974269866943
50559,463.0,214.0,2.7778286933898926
50647,609.0,217.0,2.81068754196167
50661,731.0,225.0,2.8739547729492188
50759,663.0,235.0,3.1023340225219727
51028,724.0,265.0,3.4682180881500244
51151,731.0,247.0,3.4335663318634033
51152,675.0,227.0,3.1134841442108154
51294,613.0,217.0,3.147230386734009
51318,443.0,205.0,2.971132516860962
51352,423.0,205.0,2.877382755279541
51371,781.0,216.0,2.99442458152771
51403,632.0,228.0,3.210627555847168
51517,748.0,204.0,3.0891690254211426
51576,428.0,238.0,3.3107779026031494
51682,431.0,225.0,2.9492413997650146
51791,774.0,200.0,2.904546022415161
51817,499.0,225.0,2.8659112453460693
51831,612.0,219.0,3.049698829650879
51929,688.0,212.0,3.1461684703826904
52005,417.0,206.0,3.305445671081543
52031,668.0,224.0,2.716484308242798
52097,434.0,216.0,2.914743661880493
52105,418.0,202.0,2.857813596725464
52117,613.0,202.0,2.702866315841675
52213,424.0,200.0,2.7449891567230225
52221,785.0,229.0,3.4736011028289795
52285,675.0,220.0,3.0860469341278076
52296,661.0,208.0,2.920332193374634
52404,875.0,206.0,2.65193510055542
52415,667.0,235.0,2.9696574211120605
52457,583.0,206.0,2.7700774669647217
52660,378.0,204.0,2.8497231006622314
52668,414.0,224.0,3.5160152912139893
52670,765.0,222.0,3.2315521240234375
52696,591.0,242.0,3.7800025939941406
52711,571.0,225.0,3.186846971511841
52760,648.0,224.0,2.6073856353759766
52795,675.0,219.0,3.5971922874450684
52821,410.0,227.0,3.3624274730682373
52861,726.0,217.0,3.1146206855773926
52878,734.0,213.0,3.4165351390838623
52890,636.0,263.0,3.4007503986358643
52933,798.0,230.0,3.755289077758789
52944,477.0,238.0,3.4556264877319336
52992,717.0,229.0,3.1972289085388184
53052,373.0,185.0,2.610973596572876
53107,517.0,209.0,2.7915878295898438
53121,481.0,221.0,3.459670066833496
53147,811.0,220.0,3.288792371749878
53156,738.0,217.0,2.8799357414245605
53208,739.0,265.0,3.8671681880950928
53282,549.0,204.0,2.9176723957061768
53547,407.0,211.0,3.110891103744507
53690,683.0,209.0,2.6572108268737793
53703,384.0,219.0,3.8627007007598877
53772,713.0,218.0,3.6541876792907715
53830,607.0,224.0,3.3405141830444336
53921,454.0,239.0,3.2935242652893066
54031,727.0,222.0,3.432508707046509
54168,460.0,214.0,2.8759570121765137
54188,429.0,226.0,3.7459678649902344
54237,460.0,223.0,3.3680806159973145
54266,481.0,199.0,2.80745005607605
54269,792.0,246.0,3.713261365890503
54377,454.0,201.0,2.87686824798584
54463,700.0,206.0,2.670691728591919
54522,792.0,246.0,3.107501745223999
54531,386.0,216.0,3.3510663509368896
54544,516.0,205.0,3.024671792984009
54565,802.0,224.0,3.291407823562622
54808,721.0,216.0,2.9890472888946533
54856,659.0,219.0,2.803800582885742
55067,778.0,226.0,3.879535436630249
55145,433.0,212.0,3.0716617107391357
55176,516.0,207.0,3.2236762046813965
55229,721.0,193.0,2.625587224960327
55299,500.0,215.0,3.173135757446289
55301,472.0,209.0,3.3633549213409424
55352,776.0,247.0,2.977346420288086
55392,713.0,247.0,3.7037911415100098
55449,597.0,197.0,3.269437789916992
55459,658.0,235.0,3.6765151023864746
55527,508.0,210.0,4.188709497451782
55538,466.0,212.0,2.633293390274048
55553,659.0,219.0,3.123298406600952
55570,684.0,214.0,3.1046369075775146
55587,763.0,268.0,3.898097515106201
55622,437.0,227.0,3.2006595134735107
55681,437.0,199.0,3.7284650802612305
55694,436.0,197.0,3.0226762294769287
55735,503.0,209.0,2.8850748538970947
55765,710.0,203.0,3.272540330886841
55788,496.0,223.0,3.4989848136901855
55927,781.0,229.0,3.4116451740264893
56098,628.0,199.0,2.992220878601074
56112,424.0,223.0,3.542041778564453
56127,370.0,217.0,3.2562999725341797
56275,648.0,196.0,2.622337818145752
56281,620.0,223.0,2.795022964477539
56300,534.0,203.0,2.76462459564209
56364,455.0,212.0,2.5695316791534424
56369,754.0,200.0,2.6804585456848145
56556,676.0,217.0,2.9002492427825928
56623,731.0,226.0,3.128565549850464
56665,743.0,210.0,2.892458200454712
56702,634.0,211.0,2.8067827224731445
56732,775.0,258.0,3.8510868549346924
56873,664.0,223.0,3.5346620082855225
56877,477.0,210.0,3.2126545906066895
56906,402.0,206.0,3.2279698848724365
56932,636.0,218.0,4.7548441886901855
56936,909.0,197.0,2.5149412155151367
56982,401.0,194.0,2.8212037086486816
57008,476.0,196.0,2.716247797012329
57038,438.0,202.0,2.6064887046813965
57050,495.0,208.0,3.152419090270996
57062,730.0,221.0,3.1470015048980713
57117,693.0,217.0,3.529053211212158
57253,695.0,232.0,3.0391483306884766
57370,469.0,207.0,2.797006368637085
57372,746.0,208.0,2.7214138507843018
57473,651.0,196.0,2.9943747520446777
57538,632.0,218.0,2.967359781265259
57556,739.0,216.0,2.8508355617523193
57667,821.0,196.0,3.7872865200042725
57796,646.0,220.0,3.071943759918213
57816,708.0,207.0,2.8469715118408203
57962,923.0,249.0,3.0787925720214844
57965,712.0,212.0,2.755917549133301
58040,500.0,225.0,2.9671924114227295
58065,435.0,225.0,3.08438777923584
58086,776.0,224.0,3.4175422191619873
58110,380.0,229.0,3.4683969020843506
58139,576.0,247.0,4.118777751922607
58151,594.0,247.0,3.5703818798065186
58272,657.0,224.0,2.8716349601745605
58273,377.0,193.0,2.8184492588043213
58322,825.0,220.0,3.22788667678833
58325,561.0,219.0,3.7106666564941406
58346,721.0,231.0,3.745889663696289
58407,817.0,244.0,3.254978656768799
58418,380.0,210.0,3.3344998359680176
58422,738.0,227.0,3.6613998413085938
58465,665.0,271.0,4.227002143859863
58567,423.0,216.0,3.488637924194336
58638,517.0,210.0,3.088496446609497
58656,809.0,228.0,3.072335720062256
58746,764.0,215.0,3.8151049613952637
58761,407.0,195.0,2.9600613117218018
58781,501.0,233.0,4.009909152984619
58831,495.0,229.0,4.3049561977386475
59019,410.0,237.0,4.013092756271362
59039,705.0,210.0,3.4319543838500977
59049,388.0,211.0,3.2745399475097656
59082,555.0,216.0,3.804811477661133
59133,466.0,206.0,3.805471181869507
59155,766.0,249.0,3.9618914127349854
59200,493.0,206.0,2.9994232654571533
59208,688.0,224.0,3.4450745582580566
59275,466.0,213.0,2.8917715549468994
59288,504.0,210.0,3.358309268951416
59387,552.0,206.0,3.1406469345092773
59413,416.0,241.0,3.307328224182129
59414,486.0,228.0,3.1672680377960205
59421,735.0,211.0,3.173168420791626
59510,377.0,219.0,3.8672518730163574
59517,412.0,202.0,3.2570126056671143
59543,414.0,205.0,3.478837728500366
59555,819.0,208.0,2.9038405418395996
59566,580.0,230.0,3.1592159271240234
59591,584.0,230.0,4.1611714363098145
59628,676.0,231.0,3.386312961578369
59772,828.0,209.0,3.342546224594116
59833,686.0,210.0,3.542217254638672
59881,365.0,207.0,3.4034295082092285
59905,673.0,235.0,3.3279354572296143
59926,540.0,217.0,3.248932123184204
59955,476.0,207.0,2.934809923171997
60045,535.0,228.0,3.3711047172546387
60049,393.0,195.0,2.896003484725952
60051,628.0,224.0,4.238183498382568
60058,508.0,208.0,2.845125913619995
60098,428.0,211.0,2.983652114868164
60140,633.0,253.0,3.994936466217041
60328,392.0,226.0,3.1322104930877686
60366,429.0,223.0,2.852806568145752
60404,533.0,221.0,3.2856836318969727
60416,708.0,215.0,2.9300389289855957
60425,557.0,245.0,3.3530635833740234
60609,399.0,208.0,3.512202024459839
60837,577.0,238.0,4.31283164024353
60864,623.0,222.0,2.9715638160705566
60974,503.0,214.0,2.954578161239624
61027,630.0,233.0,3.008592367172241
61108,436.0,203.0,2.8480403423309326
61116,452.0,223.0,3.286785364151001
61160,606.0,236.0,3.2074532508850098
61262,454.0,198.0,3.254298448562622
61269,709.0,211.0,3.630941390991211
61547,767.0,204.0,3.2550439834594727
61783,824.0,243.0,4.34582781791687
61886,786.0,240.0,3.8020622730255127
61921,409.0,215.0,2.9910695552825928
61935,598.0,217.0,3.1035704612731934
62005,503.0,216.0,3.5290000438690186
62079,668.0,231.0,4.164187431335449
62081,390.0,212.0,2.8909947872161865
62104,600.0,234.0,3.511410713195801
62241,705.0,232.0,3.237952947616577
62253,424.0,223.0,3.5142316818237305
62290,399.0,223.0,3.281846046447754
62461,454.0,191.0,2.777348279953003
62477,789.0,265.0,4.2238922119140625
62546,469.0,213.0,3.2130653858184814
62567,569.0,266.0,4.775586366653442
62623,453.0,218.0,4.488093852996826
62654,407.0,225.0,3.7614905834198
62657,421.0,211.0,3.324025869369507
62690,497.0,211.0,2.825923442840576
62723,786.0,248.0,3.6486783027648926
62779,735.0,228.0,3.1792750358581543
62818,641.0,230.0,3.315433979034424
62826,713.0,245.0,3.3423233032226562
62831,399.0,209.0,2.8082547187805176
62885,429.0,206.0,2.9704153537750244
62933,414.0,277.0,3.7247977256774902
62936,666.0,233.0,3.456935167312622
62969,827.0,228.0,3.1373491287231445
63075,708.0,202.0,3.200249195098877
63144,448.0,214.0,2.917656183242798
63165,762.0,230.0,3.1869444847106934
63253,513.0,224.0,2.993338108062744
63301,823.0,224.0,3.2983388900756836
63379,430.0,211.0,3.0819175243377686
63547,693.0,211.0,3.1825664043426514
63643,680.0,227.0,4.441326379776001
63676,457.0,197.0,2.796937942504883
63706,715.0,255.0,4.3231260776519775
63710,530.0,224.0,3.215115785598755
63859,612.0,206.0,2.6580333709716797
63918,797.0,235.0,3.4685049057006836
63969,724.0,276.0,4.070823907852173
64007,647.0,197.0,3.135446548461914
64041,452.0,206.0,3.2898144721984863
64137,659.0,219.0,3.2179501056671143
64138,626.0,239.0,3.599398374557495
64150,797.0,228.0,3.0074334144592285
64222,730.0,215.0,3.370314121246338
64230,601.0,239.0,3.4449028968811035
64257,593.0,257.0,3.980613946914673
64274,783.0,244.0,3.061678409576416
64282,376.0,226.0,3.66857647895813
64306,735.0,210.0,2.860304117202759
64328,612.0,232.0,3.9335641860961914
64438,798.0,217.0,4.159433841705322
64486,405.0,240.0,3.7952301502227783
64503,710.0,262.0,4.090723514556885
64530,425.0,218.0,3.124314546585083
64552,395.0,211.0,2.762162685394287
64615,439.0,223.0,3.1897261142730713
64642,569.0,265.0,4.420299768447876
64665,609.0,245.0,3.74727725982666
64703,405.0,210.0,3.053882122039795
64735,777.0,218.0,3.1215085983276367
64823,753.0,220.0,2.8974273204803467
64870,601.0,203.0,2.8965635299682617
64939,702.0,231.0,3.534294843673706
65243,410.0,216.0,3.5877671241760254
65251,689.0,236.0,3.53130841255188
65287,535.0,249.0,3.9570980072021484
65344,467.0,214.0,3.0251641273498535
65366,389.0,201.0,2.8667263984680176
65431,686.0,251.0,4.144009351730347
65432,396.0,220.0,3.229687213897705
65565,373.0,211.0,2.895167350769043
65582,721.0,207.0,3.012420654296875
65696,358.0,199.0,2.789837598800659
65860,451.0,209.0,3.1109259128570557
65901,426.0,248.0,3.7339026927948
65948,388.0,214.0,2.551964521408081
65964,759.0,250.0,3.5420844554901123
66052,762.0,203.0,3.4693405628204346
66095,475.0,227.0,3.2674036026000977
66128,439.0,214.0,4.0241804122924805
66152,749.0,214.0,3.377354145050049
66233,497.0,195.0,3.274177312850952
66295,419.0,220.0,3.383521556854248
66298,438.0,236.0,3.2623136043548584
66333,421.0,228.0,3.442964792251587
66367,641.0,234.0,3.490771532058716
66417,491.0,215.0,3.1974503993988037
66420,842.0,217.0,3.247107982635498
66465,591.0,228.0,3.183002233505249
66539,748.0,201.0,2.914515495300293
66661,358.0,206.0,2.732659101486206
66675,446.0,212.0,3.2349660396575928
66717,653.0,208.0,2.7409439086914062
66719,401.0,200.0,3.1571197509765625
66723,466.0,218.0,2.9221572875976562
66879,723.0,228.0,3.177710771560669
66940,756.0,194.0,2.621082067489624
66974,545.0,232.0,3.4830703735351562
67015,384.0,222.0,3.7393462657928467
67068,425.0,186.0,3.027290105819702
67114,759.0,251.0,3.3576793670654297
67236,506.0,211.0,3.37345027923584
67352,421.0,188.0,2.992577314376831
67398,665.0,255.0,3.702385902404785
67428,381.0,206.0,3.111161708831787
67457,763.0,191.0,2.628787040710449
67485,478.0,203.0,3.0266997814178467
67627,521.0,250.0,4.120245933532715
67649,621.0,220.0,3.355898857116699
67652,451.0,231.0,3.8878750801086426
67731,729.0,209.0,2.911635637283325
67811,528.0,244.0,3.7375199794769287
67826,529.0,220.0,3.8628194332122803
67866,408.0,223.0,3.676119089126587
67881,559.0,223.0,3.188762903213501
67961,497.0,213.0,3.250983238220215
67993,704.0,233.0,3.2927684783935547
68040,726.0,224.0,3.31176495552063
68132,671.0,209.0,3.0619521141052246
68159,409.0,206.0,2.9117650985717773
68163,604.0,241.0,3.66713547706604
68165,647.0,224.0,3.1768455505371094
68183,705.0,220.0,3.339421272277832
68218,798.0,238.0,3.509631872177124
68319,543.0,217.0,3.1702849864959717
68326,395.0,204.0,2.8909425735473633
68339,524.0,218.0,3.6891205310821533
68340,532.0,222.0,4.545629262924194
68354,431.0,242.0,4.299894571304321
68360,413.0,205.0,3.9026355743408203
68413,489.0,216.0,3.785412311553955
68485,615.0,213.0,3.0966174602508545
68534,528.0,209.0,2.932683229446411
68539,515.0,249.0,4.04406213760376
68596,506.0,224.0,3.2047839164733887
68644,467.0,210.0,3.323549509048462
68670,771.0,238.0,3.462218761444092
68716,713.0,227.0,3.4149160385131836
68815,666.0,225.0,3.8654961585998535
68818,403.0,210.0,3.4552206993103027
68847,566.0,252.0,4.257929086685181
68953,841.0,227.0,3.3896913528442383
69026,716.0,210.0,3.1059911251068115
69049,394.0,211.0,3.101193428039551
69112,665.0,214.0,3.1321964263916016
69141,633.0,212.0,3.5202507972717285
69153,650.0,229.0,3.698556661605835
69171,404.0,218.0,2.9948575496673584
69207,397.0,191.0,3.0866854190826416
69344,750.0,222.0,3.834951639175415
69355,684.0,226.0,3.2805097103118896
69382,439.0,193.0,3.263658285140991
69428,365.0,202.0,2.9856321811676025
69524,698.0,255.0,3.442920446395874
69540,686.0,238.0,3.796630859375
69590,509.0,215.0,3.36788272857666
69612,735.0,226.0,3.1181480884552
69633,610.0,202.0,2.934438467025757
69653,739.0,216.0,3.406217575073242
69656,466.0,239.0,3.611529588699341
69743,693.0,208.0,3.182464838027954
69753,358.0,185.0,2.938523530960083
69821,484.0,196.0,2.716458559036255
69901,747.0,218.0,3.1975128650665283
69967,511.0,222.0,3.114466905593872
69968,611.0,206.0,3.6861212253570557
69975,407.0,196.0,3.052628755569458
70007,556.0,193.0,2.8273425102233887
70027,382.0,189.0,2.646885395050049
70093,445.0,228.0,3.542100191116333
70138,717.0,199.0,3.109433650970459
70204,391.0,213.0,3.056486129760742
70226,456.0,238.0,4.843275547027588
70288,461.0,203.0,2.6668338775634766
70368,521.0,199.0,3.2678704261779785
70383,499.0,209.0,3.074800729751587
70630,645.0,246.0,4.543178081512451
70738,659.0,214.0,3.451169967651367
70749,482.0,200.0,3.610534906387329
70753,535.0,202.0,3.3074026107788086
70827,677.0,246.0,3.2838919162750244
70892,787.0,219.0,3.1734111309051514
70928,437.0,208.0,3.259697914123535
70953,696.0,204.0,2.6498990058898926
70988,544.0,200.0,4.072368621826172
71023,706.0,212.0,3.0212113857269287
71045,651.0,237.0,3.373619556427002
71159,713.0,218.0,3.5686850547790527
71210,457.0,215.0,3.0912983417510986
71218,697.0,214.0,3.3333499431610107
71226,488.0,226.0,3.322019577026367
71284,411.0,208.0,3.3132078647613525
71305,803.0,266.0,4.093274116516113
71339,438.0,215.0,2.9472527503967285
71399,352.0,215.0,2.66768479347229
71426,649.0,216.0,3.1875510215759277
71467,799.0,226.0,3.680555582046509
71507,748.0,219.0,3.1704177856445312
71752,432.0,217.0,3.479283094406128
71766,823.0,225.0,3.656444787979126
71799,443.0,231.0,3.620983600616455
71808,750.0,219.0,3.8326590061187744
71843,427.0,214.0,2.9455862045288086
71858,635.0,211.0,2.9260263442993164
71882,455.0,203.0,3.4780280590057373
72012,719.0,224.0,3.579749345779419
72056,465.0,207.0,2.76482892036438
72200,631.0,220.0,3.0228354930877686
72310,373.0,210.0,3.220630407333374
72360,837.0,230.0,3.9639358520507812
72391,526.0,208.0,3.503842830657959
72465,730.0,214.0,3.2801480293273926
72565,445.0,221.0,3.053978681564331
72652,841.0,194.0,3.0893962383270264
72687,701.0,189.0,2.421015977859497
72703,490.0,206.0,3.3223307132720947
72736,450.0,202.0,3.1334164142608643
72745,737.0,231.0,3.8163671493530273
72876,462.0,220.0,3.7750370502471924
72935,701.0,239.0,4.107919454574585
72976,773.0,249.0,140.33239936828613
73051,454.0,234.0,3.442291736602783
73139,422.0,232.0,3.6170222759246826
73289,784.0,208.0,3.562490701675415
73293,603.0,216.0,3.0782227516174316
73306,700.0,219.0,3.2881035804748535
73308,766.0,222.0,3.296074628829956
73421,536.0,237.0,3.2317869663238525
73467,720.0,218.0,3.3979392051696777
73471,454.0,216.0,3.6363368034362793
73491,738.0,252.0,3.702108383178711
73566,439.0,211.0,3.4528627395629883
73677,541.0,206.0,3.9110076427459717
73755,815.0,242.0,4.095067024230957
73779,394.0,227.0,4.311803817749023
73782,430.0,204.0,3.6199986934661865
73834,410.0,209.0,3.8514347076416016
73901,711.0,236.0,4.791010618209839
73983,536.0,209.0,3.8080084323883057
74015,511.0,207.0,3.589970350265503
74016,799.0,232.0,3.6211647987365723
74085,434.0,250.0,4.269991397857666
74097,395.0,208.0,3.477006196975708
74205,497.0,226.0,4.311668157577515
74386,433.0,199.0,3.3899641036987305
74417,641.0,206.0,3.904672622680664
74418,843.0,225.0,3.6544528007507324
74435,487.0,207.0,4.068601608276367
74486,704.0,230.0,4.44449782371521
74507,752.0,229.0,3.9827842712402344
74535,432.0,216.0,4.372316360473633
74545,616.0,229.0,4.272569179534912
74574,593.0,226.0,4.201888084411621
74588,445.0,201.0,3.1688406467437744
74609,400.0,234.0,3.812303066253662
74630,494.0,239.0,4.0845606327056885
74659,685.0,223.0,4.123204469680786
74848,445.0,247.0,4.175607919692993
74880,394.0,190.0,3.175442695617676
74985,466.0,211.0,3.2575528621673584
74986,588.0,198.0,2.8029985427856445
75025,400.0,216.0,3.506455421447754
75062,736.0,237.0,3.8514645099639893
75240,549.0,204.0,2.8974661827087402
75462,435.0,216.0,3.347796678543091
75494,724.0,205.0,3.1474111080169678
75520,686.0,208.0,3.185079336166382
75697,830.0,245.0,3.855220317840576
75713,563.0,211.0,3.402993679046631
75715,440.0,254.0,4.167267084121704
75722,680.0,214.0,3.4927151203155518
75850,522.0,216.0,3.118513822555542
75876,795.0,221.0,3.125842332839966
75975,806.0,226.0,3.7000529766082764
76016,670.0,219.0,3.3044703006744385
76022,744.0,219.0,3.642571210861206
76074,517.0,206.0,3.1840662956237793
76132,607.0,215.0,2.8353984355926514
76216,449.0,231.0,2.901984453201294
76249,481.0,219.0,2.673659563064575
76262,435.0,222.0,3.2961864471435547
76343,395.0,218.0,3.4634323120117188
76387,372.0,189.0,3.0547029972076416
76539,630.0,217.0,3.888876438140869
76559,402.0,244.0,3.673731565475464
76643,438.0,214.0,3.6669323444366455
76796,524.0,235.0,3.910607099533081
76866,756.0,204.0,2.9603123664855957
76973,527.0,206.0,2.7962486743927
76983,466.0,220.0,3.3023898601531982
77015,426.0,216.0,3.356657028198242
77071,491.0,215.0,2.9722213745117188
77159,471.0,228.0,2.9725465774536133
77183,588.0,209.0,3.411119222640991
77222,760.0,218.0,2.8944828510284424
77245,463.0,226.0,3.2384047508239746
77246,625.0,219.0,3.253631591796875
77393,877.0,233.0,3.05342435836792
77474,605.0,206.0,3.2975053787231445
77507,405.0,195.0,2.599705457687378
77517,519.0,200.0,3.0716631412506104
77551,716.0,226.0,3.5777647495269775
77607,410.0,228.0,3.3174641132354736
77633,414.0,200.0,2.8902218341827393
77752,492.0,223.0,3.3438796997070312
77767,447.0,204.0,2.9519596099853516
77771,437.0,219.0,2.879549264907837
77826,639.0,221.0,2.839294672012329
77853,750.0,214.0,2.822535276412964
77862,625.0,232.0,3.3134968280792236
77908,482.0,228.0,3.6716573238372803
77981,649.0,215.0,4.120649337768555
78056,721.0,226.0,3.80558705329895
78081,541.0,253.0,3.5707366466522217
78101,774.0,205.0,3.283623456954956
78128,716.0,213.0,2.907945156097412
78130,682.0,237.0,3.202709913253784
78132,384.0,252.0,3.729330539703369
78162,652.0,231.0,2.9130165576934814
78251,655.0,256.0,3.8602778911590576
78343,387.0,222.0,3.3291826248168945
78492,744.0,210.0,3.0233891010284424
78499,536.0,216.0,4.260793209075928
78518,464.0,215.0,3.3801674842834473
78566,360.0,205.0,2.731812000274658
78567,516.0,209.0,3.3166041374206543
78570,536.0,234.0,3.955681324005127
78575,482.0,253.0,3.731415271759033
78615,394.0,239.0,3.9540047645568848
78629,752.0,212.0,3.1962673664093018
78631,765.0,260.0,3.708942174911499
78642,676.0,212.0,3.1287879943847656
78661,394.0,214.0,3.2543249130249023
78769,723.0,237.0,3.3888745307922363
78774,453.0,201.0,3.344904661178589
78823,485.0,236.0,3.6703245639801025
78948,511.0,211.0,3.634655475616455
78984,724.0,233.0,3.173140287399292
79055,412.0,226.0,3.2855031490325928
79061,431.0,207.0,3.333298444747925
79121,790.0,226.0,3.2446072101593018
79210,408.0,210.0,3.3437256813049316
79236,677.0,244.0,3.386815071105957
79245,479.0,206.0,3.349971055984497
79266,601.0,221.0,2.7099485397338867
79272,385.0,222.0,3.1540400981903076
79319,515.0,222.0,3.590945243835449
79386,770.0,224.0,3.3842337131500244
79393,420.0,192.0,2.783358097076416
79452,759.0,236.0,3.4087469577789307
79464,523.0,230.0,3.294163227081299
79495,598.0,220.0,3.218325614929199
79575,553.0,209.0,3.094256639480591
79607,817.0,230.0,3.5110607147216797
79697,589.0,203.0,3.3244740962982178
79728,604.0,231.0,3.6042234897613525
79765,727.0,220.0,3.3217639923095703
79892,398.0,228.0,3.142791748046875
79975,730.0,247.0,3.1453917026519775
80077,518.0,202.0,2.756018877029419
80089,706.0,215.0,3.485248565673828
80153,725.0,252.0,3.726396083831787
80162,491.0,197.0,2.8484017848968506
80194,792.0,200.0,2.6267733573913574
80237,481.0,199.0,3.4883534908294678
80260,686.0,202.0,2.6067309379577637
80268,472.0,246.0,3.8826539516448975
80279,579.0,208.0,3.1851582527160645
80330,444.0,219.0,3.3101940155029297
80430,610.0,220.0,3.073392868041992
80519,507.0,206.0,3.6141293048858643
80533,842.0,211.0,3.228505849838257
80652,523.0,224.0,3.7219772338867188
80776,647.0,240.0,3.438814878463745
80845,480.0,218.0,3.6235008239746094
80890,704.0,217.0,2.9052000045776367
80934,626.0,213.0,3.5803544521331787
80937,708.0,215.0,3.3648767471313477
80944,690.0,234.0,3.6585519313812256
80996,608.0,243.0,3.641441822052002
81025,421.0,220.0,3.505702495574951
81030,772.0,207.0,3.3654632568359375
81031,699.0,201.0,2.7464487552642822
81036,450.0,202.0,3.1794865131378174
81066,581.0,222.0,3.2814691066741943
81130,446.0,218.0,3.8068792819976807
81226,520.0,205.0,3.6279633045196533
81246,369.0,201.0,3.0480525493621826
81248,482.0,227.0,3.415334463119507
81254,394.0,201.0,2.992990732192993
81362,512.0,205.0,3.2795324325561523
81408,473.0,247.0,3.496415853500366
81409,658.0,236.0,3.5765490531921387
81438,665.0,198.0,3.7792599201202393
81453,669.0,213.0,3.375347137451172
81501,407.0,227.0,3.435300827026367
81520,789.0,246.0,3.6054089069366455
81544,447.0,208.0,3.23294734954834
81678,833.0,257.0,3.4268136024475098
81696,762.0,244.0,3.645209550857544
81713,532.0,233.0,3.270188570022583
81759,489.0,207.0,3.2321665287017822
81765,452.0,203.0,2.6403698921203613
81851,754.0,200.0,3.1550707817077637
81910,725.0,243.0,4.220155715942383
81942,444.0,189.0,2.6409780979156494
81954,394.0,205.0,3.537280321121216
82014,434.0,223.0,3.363670825958252
82145,524.0,246.0,3.2687320709228516
82165,571.0,232.0,3.569230079650879
82166,389.0,206.0,4.280881404876709
82179,527.0,254.0,4.190971851348877
82239,388.0,192.0,3.509157419204712
82343,563.0,222.0,3.5723226070404053
82414,377.0,242.0,3.9480974674224854
82512,452.0,246.0,3.693812847137451
82562,649.0,205.0,3.0085198879241943
82569,500.0,204.0,2.8375449180603027
82608,496.0,193.0,3.3073883056640625
82627,892.0,228.0,3.267436981201172
82706,746.0,223.0,2.8677096366882324
82850,553.0,232.0,3.234011173248291
82875,445.0,191.0,3.10078763961792
82930,399.0,207.0,2.969637632369995
82941,396.0,228.0,3.3817410469055176
82949,469.0,208.0,3.130270481109619
82957,621.0,221.0,3.2463717460632324
82982,731.0,230.0,3.076066732406616
82994,446.0,203.0,3.1968345642089844
83012,422.0,209.0,3.050402879714966
83068,787.0,268.0,4.154681921005249
83088,703.0,213.0,2.6755237579345703
83163,405.0,210.0,2.930532932281494
83167,496.0,207.0,3.1410844326019287
83200,408.0,216.0,3.1495280265808105
83276,502.0,207.0,3.560589075088501
83288,724.0,212.0,3.174071788787842
83341,712.0,215.0,3.0949976444244385
83382,428.0,206.0,4.111648797988892
83392,688.0,216.0,3.220568895339966
83426,730.0,215.0,3.4422309398651123
83446,859.0,254.0,3.3900649547576904
83487,436.0,210.0,3.194340944290161
83535,477.0,209.0,2.9999797344207764
83536,451.0,198.0,3.1376864910125732
83588,474.0,190.0,2.8332176208496094
83594,441.0,198.0,3.0325493812561035
83609,407.0,205.0,2.602525234222412
83624,674.0,228.0,3.6022565364837646
83652,448.0,211.0,3.4215641021728516
83854,397.0,239.0,3.9543120861053467
83922,578.0,223.0,3.111288547515869
83927,391.0,219.0,3.2701416015625
83959,634.0,239.0,3.5754494667053223
83968,663.0,210.0,2.864187002182007
84014,415.0,220.0,3.1395275592803955
84026,642.0,203.0,3.1310324668884277
84051,492.0,210.0,3.057699203491211
84193,763.0,255.0,3.311284065246582
84209,812.0,226.0,3.123232841491699
84344,382.0,199.0,3.7457363605499268
84454,473.0,200.0,3.7178807258605957
84457,739.0,233.0,3.081932783126831
84482,403.0,205.0,3.6728243827819824
84526,423.0,221.0,4.220098257064819
84564,526.0,231.0,3.5032055377960205
84605,436.0,230.0,3.7546916007995605
84625,433.0,219.0,3.1617000102996826
84685,369.0,208.0,2.750175952911377
84759,412.0,254.0,3.542858362197876
84803,721.0,219.0,3.401724100112915
84806,750.0,244.0,3.5545718669891357
84827,411.0,216.0,4.008234262466431
84878,518.0,214.0,3.144012451171875
84964,394.0,225.0,3.2403881549835205
84993,429.0,218.0,3.0320234298706055
85091,609.0,207.0,2.650825023651123
85138,635.0,217.0,3.4703595638275146
85208,586.0,197.0,2.89058780670166
85282,454.0,216.0,3.811070680618286
85290,349.0,216.0,2.81010365486145
85305,502.0,201.0,3.084836959838867
85307,729.0,215.0,3.48577618598938
85336,539.0,208.0,3.279634714126587
85338,799.0,207.0,3.6909449100494385
85481,497.0,222.0,3.5707666873931885
85510,577.0,209.0,3.4163172245025635
85514,389.0,206.0,3.155045986175537
85545,474.0,204.0,2.6834559440612793
85623,334.0,204.0,3.566495418548584
85791,444.0,203.0,2.721400499343872
85833,688.0,232.0,3.1070826053619385
85988,684.0,232.0,3.406383991241455
86004,550.0,211.0,3.773784875869751
86027,462.0,211.0,2.782616376876831
86042,434.0,209.0,2.87263560295105
86179,459.0,243.0,3.1642184257507324
86201,388.0,225.0,3.096935272216797
86212,732.0,238.0,3.726377248764038
86232,800.0,233.0,3.2181243896484375
86352,367.0,209.0,4.0013487339019775
86371,403.0,207.0,3.984956979751587
86379,448.0,199.0,2.8451223373413086
86392,437.0,205.0,3.652987480163574
86443,556.0,216.0,3.4620168209075928
86489,357.0,188.0,2.7590370178222656
86545,613.0,193.0,3.65334415435791
86607,646.0,226.0,2.7311911582946777
86625,504.0,219.0,3.306469440460205
86753,591.0,214.0,3.192457675933838
86760,511.0,205.0,3.251467704772949
86770,378.0,209.0,3.2086944580078125
86945,474.0,214.0,3.2564938068389893
86957,628.0,214.0,3.254667282104492
86970,388.0,215.0,3.2232041358947754
87010,439.0,228.0,3.237102508544922
87025,411.0,212.0,3.479266881942749
87133,411.0,205.0,3.0180225372314453
87146,426.0,210.0,3.689453363418579
87233,524.0,219.0,3.40285587310791
87271,432.0,203.0,2.9942944049835205
87304,354.0,193.0,3.64831280708313
87318,634.0,208.0,2.982478380203247
87333,483.0,235.0,3.570064067840576
87417,439.0,223.0,3.295868158340454
87472,440.0,204.0,2.982070207595825
87557,529.0,209.0,2.8046092987060547
87688,429.0,213.0,2.89420485496521
87704,648.0,208.0,2.7706143856048584
87715,675.0,229.0,3.5254287719726562
87792,404.0,214.0,3.3468093872070312
87850,589.0,218.0,3.268077850341797
88002,741.0,230.0,3.659729480743408
88014,390.0,216.0,3.205075740814209
88031,435.0,222.0,3.252258062362671
88033,402.0,179.0,2.4793310165405273
88157,454.0,226.0,3.306788444519043
88163,417.0,201.0,2.770167589187622
88264,421.0,217.0,3.752747058868408
88293,430.0,226.0,3.712847948074341
88295,419.0,210.0,3.354739189147949
88298,490.0,231.0,3.2586350440979004
88317,769.0,193.0,2.7128357887268066
88350,410.0,222.0,3.2521464824676514
88356,441.0,204.0,3.7511849403381348
88513,511.0,213.0,2.7747559547424316
88575,714.0,218.0,2.8921566009521484
88614,475.0,206.0,2.999436855316162
88673,535.0,217.0,3.273219347000122
88712,469.0,202.0,2.9353551864624023
88746,592.0,230.0,3.099717378616333
88791,493.0,209.0,2.788356065750122
89098,692.0,222.0,3.0493686199188232
89152,425.0,207.0,3.3538596630096436
89202,408.0,203.0,4.201973915100098
89205,522.0,200.0,3.0662825107574463
89218,488.0,229.0,3.0924532413482666
89237,821.0,216.0,3.792797327041626
89247,499.0,209.0,2.9987807273864746
89397,578.0,252.0,3.842792272567749
89404,530.0,220.0,2.8960704803466797
89452,415.0,216.0,3.5670039653778076
89483,629.0,255.0,3.713568925857544
89560,400.0,210.0,3.3328323364257812
89570,517.0,239.0,3.4000046253204346
89586,360.0,188.0,2.3393290042877197
89638,509.0,205.0,2.9113481044769287
89729,394.0,193.0,3.1802923679351807
89780,446.0,194.0,2.735321044921875
89781,617.0,239.0,3.5523903369903564
89785,486.0,199.0,2.975661039352417
89855,442.0,194.0,3.8971076011657715
89887,502.0,212.0,3.126929998397827
90050,372.0,221.0,2.9946675300598145
90053,398.0,214.0,3.7150027751922607
90063,605.0,223.0,3.4422996044158936
90088,484.0,193.0,2.7328550815582275
90109,500.0,205.0,3.2326085567474365
90116,426.0,204.0,3.145390272140503
90178,378.0,213.0,3.204488515853882
90196,406.0,227.0,3.2925400733947754
90205,338.0,208.0,3.0321505069732666
90210,498.0,240.0,3.863032817840576
90232,408.0,213.0,3.908005952835083
90261,578.0,203.0,2.9386441707611084
90288,470.0,204.0,3.169461250305176
90335,374.0,214.0,3.4036107063293457
90394,596.0,240.0,3.890343189239502
90417,441.0,214.0,4.146529197692871
90489,522.0,255.0,3.6240997314453125
90656,446.0,201.0,3.140791893005371
90661,391.0,203.0,2.6980714797973633
90664,653.0,204.0,2.6858208179473877
90785,523.0,206.0,3.1913001537323
90818,485.0,197.0,3.333421230316162
90825,800.0,233.0,4.3445281982421875
90836,500.0,231.0,3.7678234577178955
90850,491.0,249.0,3.8736417293548584
90965,532.0,209.0,2.7561633586883545
90997,432.0,226.0,3.404204845428467
91008,484.0,260.0,3.7526588439941406
91040,805.0,198.0,2.60247802734375
91070,454.0,235.0,3.466902256011963
91385,423.0,205.0,3.088273525238037
91409,401.0,209.0,3.6317801475524902
91447,395.0,228.0,3.3498196601867676
91573,453.0,220.0,3.0720927715301514
91574,569.0,246.0,3.9032843112945557
91611,653.0,234.0,2.996676445007324
91612,686.0,206.0,3.028153896331787
91629,392.0,221.0,2.892855167388916
91655,652.0,239.0,3.2641100883483887
91677,484.0,215.0,2.954108953475952
91692,425.0,223.0,3.09656023979187
91696,397.0,211.0,3.204345464706421
91791,443.0,205.0,3.2512834072113037
91845,407.0,196.0,3.020449161529541
91887,541.0,199.0,2.9633047580718994
91960,445.0,209.0,2.7082595825195312
92023,402.0,196.0,2.5338246822357178
92038,519.0,222.0,2.9504878520965576
92098,568.0,236.0,3.4663445949554443
92111,448.0,189.0,3.066288471221924
92121,434.0,202.0,2.9441797733306885
92124,527.0,205.0,2.89172101020813
92158,404.0,199.0,2.686556339263916
92251,519.0,214.0,2.890936851501465
92401,456.0,228.0,3.629110097885132
92407,457.0,212.0,3.411177396774292
92434,759.0,209.0,2.8838088512420654
92644,468.0,230.0,3.625892400741577
92652,436.0,231.0,3.180905342102051
92664,503.0,220.0,2.891207218170166
92686,387.0,227.0,2.7803385257720947
92791,555.0,235.0,3.1354856491088867
92825,425.0,226.0,3.779808521270752
92864,431.0,210.0,2.909214496612549
92988,374.0,218.0,3.124001979827881
93011,466.0,201.0,3.1286940574645996
93018,436.0,199.0,3.131000518798828
93075,473.0,213.0,3.123357057571411
93148,446.0,210.0,53.28126525878906
93232,544.0,218.0,3.8665475845336914
93234,374.0,215.0,3.3751087188720703
93241,454.0,196.0,3.695902109146118
93247,621.0,207.0,3.8095879554748535
93294,584.0,223.0,3.6360528469085693
93305,656.0,218.0,2.8159871101379395
93417,778.0,216.0,2.9483726024627686
93546,535.0,221.0,3.5609514713287354
93562,411.0,234.0,3.927699327468872
93570,364.0,194.0,4.37188458442688
93593,526.0,235.0,3.8073718547821045
93630,393.0,261.0,4.095375299453735
93655,405.0,202.0,3.4379684925079346
93705,559.0,225.0,3.90165114402771
93913,412.0,211.0,3.279470205307007
93941,483.0,218.0,3.5263350009918213
93964,394.0,234.0,3.804504871368408
94062,410.0,213.0,3.0840744972229004
94102,512.0,193.0,3.1938869953155518
94146,454.0,223.0,3.0399584770202637
94239,506.0,234.0,2.975512742996216
94261,538.0,210.0,2.4854416847229004
94328,407.0,262.0,4.675316572189331
94359,514.0,212.0,3.694361448287964
94407,496.0,207.0,3.973318099975586
94432,413.0,209.0,3.262969970703125
94528,473.0,210.0,2.9208757877349854
94541,490.0,227.0,4.2422401905059814
94611,463.0,208.0,3.137422561645508
94614,581.0,196.0,3.0533597469329834
94641,565.0,211.0,3.3938422203063965
94736,737.0,207.0,3.892411470413208
94745,505.0,224.0,3.291072130203247
94886,593.0,205.0,2.921030282974243
94896,387.0,226.0,3.096062421798706
94910,385.0,232.0,3.4255764484405518
94957,403.0,209.0,3.0384140014648438
94976,413.0,207.0,2.8475825786590576
94983,458.0,209.0,3.089118242263794
95087,678.0,199.0,3.1266067028045654
95155,382.0,240.0,3.589487075805664
95197,423.0,212.0,2.5966150760650635
95318,589.0,212.0,3.1316845417022705
95374,426.0,199.0,3.1816587448120117
95392,545.0,207.0,3.800936222076416
95529,430.0,209.0,3.224942684173584
95560,496.0,223.0,3.964600086212158
95680,442.0,218.0,3.607100009918213
95686,471.0,214.0,3.2016427516937256
95693,381.0,202.0,2.8014256954193115
95695,499.0,244.0,3.6851234436035156
95730,461.0,210.0,3.0697708129882812
95768,576.0,207.0,3.56221342086792
95802,547.0,215.0,3.299881935119629
95840,375.0,205.0,2.9273524284362793
95864,459.0,225.0,3.3060858249664307
95882,508.0,233.0,3.9490115642547607
95917,431.0,207.0,2.579629898071289
95935,495.0,198.0,2.816739797592163
95949,489.0,215.0,3.025369167327881
95959,405.0,207.0,2.910154342651367
96109,347.0,212.0,3.629520893096924
96271,383.0,202.0,3.1011264324188232
96335,695.0,214.0,3.454387664794922
96385,442.0,229.0,4.113307237625122
96455,525.0,199.0,3.7150020599365234
96476,408.0,184.0,2.9254190921783447
96597,419.0,213.0,3.3534140586853027
96648,454.0,214.0,3.516282320022583
96657,443.0,217.0,3.097456932067871
96660,594.0,226.0,3.3299829959869385
96681,387.0,209.0,2.6615188121795654
96753,473.0,206.0,3.1599838733673096
96759,456.0,238.0,3.206240653991699
96769,459.0,240.0,3.79669451713562
96847,517.0,195.0,2.9918792247772217
96853,410.0,229.0,3.4348695278167725
96908,426.0,216.0,3.1132187843322754
96934,376.0,210.0,3.2680344581604004
97048,524.0,235.0,3.648188352584839
97055,452.0,210.0,3.5610191822052
97157,538.0,232.0,4.036590814590454
97169,366.0,201.0,2.938952922821045
97170,391.0,215.0,3.1750078201293945
97173,423.0,231.0,4.109632730484009
97197,527.0,213.0,3.4209396839141846
97227,455.0,208.0,3.2295079231262207
97307,423.0,225.0,4.0507707595825195
97311,376.0,217.0,3.6109201908111572
97351,443.0,213.0,2.9102156162261963
97414,422.0,202.0,3.309401035308838
97514,505.0,219.0,3.301102638244629
97535,387.0,227.0,3.126908302307129
97580,426.0,229.0,3.5367679595947266
97584,446.0,205.0,3.368159294128418
97603,370.0,206.0,2.8512158393859863
97665,523.0,184.0,7.781175851821899
97733,649.0,205.0,4.201329708099365
97824,600.0,226.0,3.9056100845336914
97830,432.0,213.0,3.229713201522827
97879,461.0,240.0,3.353959798812866
97925,435.0,206.0,3.209249258041382
97935,442.0,207.0,3.051201581954956
98033,468.0,219.0,3.5072598457336426
98053,677.0,233.0,3.851121187210083
98062,520.0,212.0,3.115473508834839
98261,503.0,205.0,3.466705322265625
98274,406.0,201.0,3.2077853679656982
98301,490.0,210.0,3.2810168266296387
98336,435.0,196.0,2.886894702911377
98364,414.0,208.0,3.161102294921875
98385,410.0,223.0,2.8723554611206055
98525,471.0,256.0,4.642046213150024
98654,457.0,222.0,3.5425002574920654
98666,546.0,205.0,3.012195587158203
98688,390.0,204.0,3.439279317855835
98775,422.0,224.0,2.828037977218628
98797,354.0,204.0,3.012626886367798
98882,417.0,189.0,2.49589204788208
